Date,CountryCode,NewLikes,DailyPostsReach,DailyPostShares,DailyPageActions,DailyPostImpressions
2018-09-19,AO,2458,512012,338773,15910,1919541
2018-09-19,BE,4319,899695,595285,27958,3372971
2018-09-19,BF,18130,3776513,2498736,117355,14158199
2018-09-19,BI,1330,277229,183429,8614,1039337
2018-09-19,BJ,5660,1179116,780164,36641,4420523
2018-09-19,CA,4425,921786,609901,28644,3455790
2018-09-19,CD,20826,4338184,2870366,134809,16263911
2018-09-19,CF,2023,421458,278858,13096,1580053
2018-09-19,CG,7759,1616366,1069471,50228,6059781
2018-09-19,CH,713,148519,98267,4615,556800
2018-09-19,CI,46824,9753337,6453312,303085,36565395
2018-09-19,CM,42743,8903391,5890943,276673,33378936
2018-09-19,CN,644,134278,88845,4172,503413
2018-09-19,DE,1332,277594,183671,8626,1040706
2018-09-19,DJ,1395,290648,192308,9031,1089645
2018-09-19,DZ,16609,3459666,2289093,107509,12970335
2018-09-19,ES,1057,220359,145801,6847,826131
2018-09-19,FR,30622,6378565,4220388,198214,23913329
2018-09-19,GA,9978,2078538,1375268,64590,7792468
2018-09-19,GB,830,173074,114515,5378,648859
2018-09-19,GF,714,148884,98509,4626,558169
2018-09-19,GH,973,202741,134144,6300,760082
2018-09-19,GN,15282,3183349,2106268,98922,11934420
2018-09-19,GP,2286,476320,315158,14801,1785731
2018-09-19,HT,9606,2001038,1323990,62182,7501919
2018-09-19,IT,2872,598275,395850,18591,2242944
2018-09-19,KM,2018,420454,278194,13065,1576289
2018-09-19,MA,5270,1097873,726409,34116,4115942
2018-09-19,MG,30859,6427950,4253063,199748,24098473
2018-09-19,ML,17107,3563364,2357706,110731,13359103
2018-09-19,MQ,2314,482162,319023,14983,1807633
2018-09-19,MR,1699,353908,234164,10997,1326807
2018-09-19,MU,10221,2129018,1408668,66159,7981718
2018-09-19,NC,2118,441267,291965,13712,1654316
2018-09-19,NE,4366,909463,601747,28261,3409589
2018-09-19,PF,2175,453225,299877,14084,1699148
2018-09-19,RE,8941,1862468,1232305,57876,6982421
2018-09-19,RW,661,137838,91201,4283,516760
2018-09-19,SN,35272,7347089,4861214,228311,27544338
2018-09-19,TD,1394,290374,192126,9023,1088618
2018-09-19,TG,4206,876144,579702,27226,3284677
2018-09-19,TN,7571,1577206,1043561,49011,5912967
2018-09-19,US,4739,987145,653146,30675,3700823
2018-09-19,YT,834,173804,114998,5400,651596
2018-09-19,ZA,1001,208675,138070,6484,782326
2018-09-20,AO,2463,513199,339558,15947,1923990
2018-09-20,BE,4322,900334,595707,27977,3375367
2018-09-20,BF,18156,3781990,2502360,117525,14178733
2018-09-20,BI,1332,277594,183671,8626,1040706
2018-09-20,BJ,5662,1179481,780405,36652,4421892
2018-09-20,CA,4431,923155,610807,28687,3460923
2018-09-20,CD,20885,4350416,2878460,135189,16309769
2018-09-20,CF,2028,422462,279523,13128,1583818
2018-09-20,CG,7780,1620657,1072310,50362,6075866
2018-09-20,CH,713,148519,98267,4615,556800
2018-09-20,CI,46919,9773237,6466478,303703,36640000
2018-09-20,CM,42817,8918818,5901151,277152,33436772
2018-09-20,CN,643,134096,88725,4167,502728
2018-09-20,DE,1339,279055,184637,8671,1046182
2018-09-20,DJ,1398,291287,192730,9051,1092040
2018-09-20,DZ,16635,3465051,2292657,107676,12990527
2018-09-20,ES,1059,220633,145982,6856,827158
2018-09-20,FR,30672,6388971,4227273,198537,23952343
2018-09-20,GA,9993,2081641,1377321,64687,7804103
2018-09-20,GB,832,173348,114696,5386,649885
2018-09-20,GF,716,149340,98811,4640,559880
2018-09-20,GH,975,203198,134446,6314,761793
2018-09-20,GN,15310,3189191,2110133,99104,11956322
2018-09-20,GP,2287,476502,315278,14807,1786415
2018-09-20,HT,9632,2006515,1327614,62352,7522452
2018-09-20,IT,2877,599371,396574,18625,2247050
2018-09-20,KM,2021,421093,278617,13085,1578684
2018-09-20,MA,5274,1098603,726893,34139,4118680
2018-09-20,MG,30899,6436348,4258620,200009,24129957
2018-09-20,ML,17123,3566742,2359941,110836,13371765
2018-09-20,MQ,2317,482710,319385,15000,1809686
2018-09-20,MR,1702,354547,234586,11017,1329202
2018-09-20,MU,10241,2133308,1411507,66292,7997803
2018-09-20,NC,2122,442180,292569,13740,1657738
2018-09-20,NE,4373,911015,602774,28309,3415407
2018-09-20,PF,2180,454229,300541,14115,1702912
2018-09-20,RE,8944,1863107,1232728,57896,6984816
2018-09-20,RW,664,138386,91563,4300,518813
2018-09-20,SN,35322,7357495,4868099,228634,27583352
2018-09-20,TD,1396,290831,192428,9037,1090329
2018-09-20,TG,4215,878152,581031,27288,3292206
2018-09-20,TN,7580,1578940,1044708,49065,5919469
2018-09-20,US,4745,988515,654052,30718,3705956
2018-09-20,YT,837,174535,115481,5423,654334
2018-09-20,ZA,1004,209131,138372,6498,784037
2018-09-21,AO,2467,514020,340102,15973,1927070
2018-09-21,BE,4330,902069,596855,28031,3381869
2018-09-21,BF,18179,3786736,2505500,117673,14196528
2018-09-21,BI,1334,278051,183973,8640,1042418
2018-09-21,BJ,5667,1180485,781070,36683,4425656
2018-09-21,CA,4441,925072,612075,28746,3468110
2018-09-21,CD,20931,4359909,2884741,135484,16345360
2018-09-21,CF,2031,423192,280006,13150,1586556
2018-09-21,CG,7790,1622665,1073639,50424,6083395
2018-09-21,CH,715,148975,98569,4629,558511
2018-09-21,CI,47020,9794324,6480430,304359,36719054
2018-09-21,CM,42893,8934702,5911660,277646,33496319
2018-09-21,CN,643,134096,88725,4167,502728
2018-09-21,DE,1342,279603,184999,8688,1048235
2018-09-21,DJ,1402,292200,193334,9080,1095462
2018-09-21,DZ,16650,3468338,2294831,107778,13002847
2018-09-21,ES,1060,220816,146103,6861,827842
2018-09-21,FR,30717,6398465,4233555,198832,23987934
2018-09-21,GA,10004,2084015,1378892,64760,7813001
2018-09-21,GB,836,174170,115239,5412,652965
2018-09-21,GF,717,149523,98932,4646,560564
2018-09-21,GH,977,203654,134748,6328,763504
2018-09-21,GN,15342,3195855,2114542,99311,11981304
2018-09-21,GP,2291,477324,315822,14832,1789495
2018-09-21,HT,9653,2010896,1330513,62488,7538879
2018-09-21,IT,2881,600284,397178,18653,2250473
2018-09-21,KM,2023,421549,278919,13099,1580396
2018-09-21,MA,5281,1100155,727919,34187,4124498
2018-09-21,MG,30941,6445020,4264358,200279,24162469
2018-09-21,ML,17145,3571306,2362960,110978,13388877
2018-09-21,MQ,2319,483075,319627,15011,1811055
2018-09-21,MR,1705,355186,235009,11037,1331598
2018-09-21,MU,10257,2136686,1413741,66397,8010465
2018-09-21,NC,2124,442453,292750,13749,1658765
2018-09-21,NE,4381,912749,603922,28363,3421909
2018-09-21,PF,2184,455051,301085,14140,1705992
2018-09-21,RE,8953,1865024,1233996,57955,6992003
2018-09-21,RW,666,138751,91805,4311,520182
2018-09-21,SN,35374,7368358,4875286,228972,27624077
2018-09-21,TD,1397,291196,192670,9048,1091698
2018-09-21,TG,4221,879430,581876,27328,3296997
2018-09-21,TN,7582,1579396,1045010,49079,5921180
2018-09-21,US,4747,988789,654233,30726,3706983
2018-09-21,YT,838,174717,115602,5429,655019
2018-09-21,ZA,1008,210044,138976,6527,787460
2018-09-22,AO,2475,515572,341129,16021,1932888
2018-09-22,BE,4340,904168,598244,28097,3389740
2018-09-22,BF,18214,3793948,2510272,117897,14223564
2018-09-22,BI,1337,278598,184335,8657,1044471
2018-09-22,BJ,5669,1180941,781372,36697,4427367
2018-09-22,CA,4446,926259,612861,28783,3472559
2018-09-22,CD,20966,4367212,2889573,135711,16372738
2018-09-22,CF,2036,424197,280670,13181,1590320
2018-09-22,CG,7803,1625404,1075451,50509,6093662
2018-09-22,CH,716,149249,98751,4637,559538
2018-09-22,CI,47090,9808838,6490034,304810,36773468
2018-09-22,CM,42955,8947573,5920176,278046,33544573
2018-09-22,CN,643,134096,88725,4167,502728
2018-09-22,DE,1343,279785,185120,8694,1048920
2018-09-22,DJ,1405,292839,193757,9099,1097858
2018-09-22,DZ,16662,3470802,2296462,107855,13012087
2018-09-22,ES,1061,221181,146344,6873,829211
2018-09-22,FR,30783,6412066,4242554,199255,24038926
2018-09-22,GA,10019,2087118,1380945,64857,7824637
2018-09-22,GB,837,174443,115421,5420,653992
2018-09-22,GF,718,149705,99053,4652,561249
2018-09-22,GH,980,204202,135110,6345,765557
2018-09-22,GN,15366,3200784,2117804,99464,11999785
2018-09-22,GP,2290,477050,315641,14824,1788468
2018-09-22,HT,9671,2014548,1332929,62602,7552568
2018-09-22,IT,2883,600557,397360,18662,2251499
2018-09-22,KM,2028,422553,279583,13130,1584160
2018-09-22,MA,5289,1101889,729067,34241,4131000
2018-09-22,MG,30968,6450679,4268103,200455,24183687
2018-09-22,ML,17161,3574684,2365195,111083,13401539
2018-09-22,MQ,2319,483166,319687,15014,1811398
2018-09-22,MR,1710,356190,235673,11068,1335362
2018-09-22,MU,10274,2140154,1416037,66505,8023470
2018-09-22,NC,2125,442727,292931,13757,1659792
2018-09-22,NE,4388,914027,604767,28403,3426701
2018-09-22,PF,2187,455690,301508,14160,1708388
2018-09-22,RE,8962,1866850,1235204,58012,6998847
2018-09-22,RW,668,139299,92167,4328,522235
2018-09-22,SN,35422,7378491,4881991,229287,27662064
2018-09-22,TD,1398,291378,192791,9054,1092382
2018-09-22,TG,4226,880434,582541,27359,3300762
2018-09-22,TN,7591,1581222,1046218,49136,5928025
2018-09-22,US,4750,989610,654777,30752,3710063
2018-09-22,YT,840,174991,115783,5437,656045
2018-09-22,ZA,1010,210501,139278,6541,789171
2018-09-23,AO,2479,516485,341733,16049,1936310
2018-09-23,BE,4346,905446,599090,28136,3394531
2018-09-23,BF,18238,3798969,2513594,118053,14242386
2018-09-23,BI,1337,278690,184395,8660,1044813
2018-09-23,BJ,5673,1181672,781855,36720,4430105
2018-09-23,CA,4451,927172,613465,28811,3475981
2018-09-23,CD,20999,4374058,2894103,135924,16398405
2018-09-23,CF,2040,425018,281214,13207,1593400
2018-09-23,CG,7814,1627686,1076961,50580,6102217
2018-09-23,CH,717,149432,98871,4643,560222
2018-09-23,CI,47167,9824904,6500664,305309,36833700
2018-09-23,CM,43007,8958344,5927303,278381,33584956
2018-09-23,CN,644,134187,88785,4169,503071
2018-09-23,DE,1344,280150,185362,8705,1050289
2018-09-23,DJ,1407,293204,193999,9111,1099227
2018-09-23,DZ,16684,3475275,2299421,107994,13028856
2018-09-23,ES,1063,221546,146586,6884,830580
2018-09-23,FR,30827,6421377,4248715,199544,24073833
2018-09-23,GA,10039,2091135,1383603,64982,7839695
2018-09-23,GB,839,174808,115662,5432,655361
2018-09-23,GF,720,150071,99294,4663,562618
2018-09-23,GH,980,204202,135110,6345,765557
2018-09-23,GN,15399,3207630,2122334,99677,12025451
2018-09-23,GP,2291,477415,315882,14835,1789837
2018-09-23,HT,9689,2018382,1335465,62721,7566941
2018-09-23,IT,2885,601014,397662,18676,2253210
2018-09-23,KM,2034,423831,280429,13170,1588951
2018-09-23,MA,5295,1103076,729852,34278,4135449
2018-09-23,MG,31010,6459443,4273901,200727,24216540
2018-09-23,ML,17191,3580891,2369302,111276,13424810
2018-09-23,MQ,2320,483440,319869,15022,1812424
2018-09-23,MR,1712,356738,236036,11085,1337416
2018-09-23,MU,10288,2143167,1418030,66599,8034763
2018-09-23,NC,2127,443184,293233,13771,1661503
2018-09-23,NE,4393,915122,605492,28437,3430807
2018-09-23,PF,2192,456785,302232,14194,1712494
2018-09-23,RE,8968,1868128,1236050,58052,7003639
2018-09-23,RW,669,139482,92288,4334,522920
2018-09-23,SN,35471,7388532,4888634,229599,27699709
2018-09-23,TD,1401,291835,193093,9068,1094094
2018-09-23,TG,4229,880982,582903,27376,3302815
2018-09-23,TN,7603,1583687,1047849,49213,5937265
2018-09-23,US,4757,990888,655623,30791,3714854
2018-09-23,YT,842,175539,116145,5454,658099
2018-09-23,ZA,1014,211322,139821,6566,792251
2018-09-24,AO,2485,517763,342578,16089,1941101
2018-09-24,BE,4351,906450,599754,28168,3398296
2018-09-24,BF,18268,3805358,2517822,118251,14266342
2018-09-24,BI,1340,279146,184697,8674,1046524
2018-09-24,BJ,5682,1183680,783184,36782,4437634
2018-09-24,CA,4457,928450,614310,28851,3480772
2018-09-24,CD,21042,4383004,2900022,136202,16431943
2018-09-24,CF,2045,426114,281939,13241,1597507
2018-09-24,CG,7829,1630789,1079014,50676,6113853
2018-09-24,CH,717,149523,98932,4646,560564
2018-09-24,CI,47239,9839874,6510569,305774,36889825
2018-09-24,CM,43071,8971672,5936121,278795,33634921
2018-09-24,CN,644,134187,88785,4169,503071
2018-09-24,DE,1347,280698,185724,8722,1052342
2018-09-24,DJ,1407,293204,193999,9111,1099227
2018-09-24,DZ,16698,3478196,2301354,108085,13039807
2018-09-24,ES,1064,221820,146767,6893,831607
2018-09-24,FR,30865,6429136,4253849,199785,24102922
2018-09-24,GA,10057,2094878,1386079,65098,7853726
2018-09-24,GB,840,174991,115783,5437,656045
2018-09-24,GF,720,149979,99234,4660,562276
2018-09-24,GH,980,204293,135171,6348,765900
2018-09-24,GN,15432,3214477,2126864,99890,12051118
2018-09-24,GP,2295,478054,316305,14855,1792233
2018-09-24,HT,9708,2022307,1338062,62843,7581657
2018-09-24,IT,2888,601653,398084,18696,2255606
2018-09-24,KM,2039,424836,281093,13201,1592716
2018-09-24,MA,5299,1103898,730396,34303,4138529
2018-09-24,MG,31045,6466745,4278733,200954,24243918
2018-09-24,ML,17218,3586642,2373107,111455,13446371
2018-09-24,MQ,2326,484535,320593,15056,1816531
2018-09-24,MR,1718,357924,236821,11122,1341865
2018-09-24,MU,10304,2146362,1420144,66698,8046741
2018-09-24,NC,2131,444005,293777,13797,1664583
2018-09-24,NE,4399,916309,606277,28474,3435256
2018-09-24,PF,2197,457698,302836,14223,1715917
2018-09-24,RE,8975,1869588,1237016,58097,7009114
2018-09-24,RW,670,139755,92469,4342,523946
2018-09-24,SN,35524,7399577,4895943,229942,27741118
2018-09-24,TD,1401,292017,193214,9074,1094778
2018-09-24,TG,4235,882169,583688,27413,3307264
2018-09-24,TN,7613,1585786,1049238,49278,5945136
2018-09-24,US,4765,992622,656770,30845,3721357
2018-09-24,YT,844,175904,116387,5466,659467
2018-09-24,ZA,1016,211779,140123,6581,793962
2018-09-25,AO,2494,519497,343726,16143,1947603
2018-09-25,BE,4361,908459,601083,28230,3405825
2018-09-25,BF,18307,3813483,2523197,118504,14296800
2018-09-25,BI,1344,280150,185362,8705,1050289
2018-09-25,BJ,5689,1185141,784150,36828,4443110
2018-09-25,CA,4468,930823,615881,28925,3489670
2018-09-25,CD,21078,4390581,2905035,136437,16460348
2018-09-25,CF,2046,426205,281999,13244,1597849
2018-09-25,CG,7837,1632432,1080102,50727,6120013
2018-09-25,CH,717,149432,98871,4643,560222
2018-09-25,CI,47313,9855210,6520716,306251,36947319
2018-09-25,CM,43124,8982717,5943429,279138,33676330
2018-09-25,CN,644,134187,88785,4169,503071
2018-09-25,DE,1350,281337,186147,8742,1054738
2018-09-25,DJ,1412,294117,194603,9139,1102649
2018-09-25,DZ,16707,3480205,2302683,108147,13047336
2018-09-25,ES,1064,221637,146646,6887,830922
2018-09-25,FR,30958,6448671,4266774,200392,24176158
2018-09-25,GA,10075,2098803,1388676,65220,7868442
2018-09-25,GB,842,175539,116145,5454,658099
2018-09-25,GF,720,149979,99234,4660,562276
2018-09-25,GH,983,204841,135533,6365,767953
2018-09-25,GN,15451,3218584,2129582,100017,12066518
2018-09-25,GP,2300,479150,317030,14889,1796340
2018-09-25,HT,9724,2025593,1340237,62945,7593977
2018-09-25,IT,2894,602931,398930,18736,2260397
2018-09-25,KM,2043,425748,281697,13230,1596138
2018-09-25,MA,5311,1106271,731966,34377,4147427
2018-09-25,MG,31075,6472861,4282779,201144,24266848
2018-09-25,ML,17231,3589198,2374799,111534,13455953
2018-09-25,MQ,2327,484718,320714,15062,1817215
2018-09-25,MR,1720,358289,237063,11133,1343233
2018-09-25,MU,10324,2150470,1422862,66825,8062141
2018-09-25,NC,2135,444827,294320,13823,1667663
2018-09-25,NE,4405,917678,607183,28516,3440390
2018-09-25,PF,2196,457607,302776,14220,1715575
2018-09-25,RE,8981,1870775,1237801,58134,7013563
2018-09-25,RW,669,139390,92228,4331,522577
2018-09-25,SN,35577,7410623,4903251,230285,27782527
2018-09-25,TD,1401,291835,193093,9068,1094094
2018-09-25,TG,4241,883538,584594,27456,3312397
2018-09-25,TN,7620,1587429,1050325,49329,5951296
2018-09-25,US,4778,995361,658582,30930,3731623
2018-09-25,YT,841,175356,116025,5449,657414
2018-09-25,ZA,1021,212874,140848,6615,798069
2018-09-26,AO,2496,519954,344028,16157,1949314
2018-09-26,BE,4370,910284,602291,28287,3412669
2018-09-26,BF,18331,3818321,2526398,118654,14314938
2018-09-26,BI,1347,280698,185724,8722,1052342
2018-09-26,BJ,5695,1186419,784996,36868,4447901
2018-09-26,CA,4477,932740,617149,28984,3496857
2018-09-26,CD,21123,4399892,2911195,136726,16495255
2018-09-26,CF,2045,426022,281878,13238,1597165
2018-09-26,CG,7844,1633984,1081128,50776,6125831
2018-09-26,CH,720,149979,99234,4660,562276
2018-09-26,CI,47385,9870181,6530621,306716,37003443
2018-09-26,CM,43185,8995497,5951885,279535,33724241
2018-09-26,CN,644,134187,88785,4169,503071
2018-09-26,DE,1351,281611,186328,8751,1055764
2018-09-26,DJ,1414,294664,194965,9156,1104703
2018-09-26,DZ,16726,3484039,2305220,108266,13061709
2018-09-26,ES,1064,221637,146646,6887,830922
2018-09-26,FR,31016,6460721,4274746,200767,24221332
2018-09-26,GA,10092,2102180,1390911,65325,7881104
2018-09-26,GB,844,175995,116447,5469,659810
2018-09-26,GF,720,150071,99294,4663,562618
2018-09-26,GH,983,204841,135533,6365,767953
2018-09-26,GN,15477,3223970,2133145,100185,12086710
2018-09-26,GP,2305,480154,317694,14920,1800104
2018-09-26,HT,9743,2029609,1342894,63070,7609035
2018-09-26,IT,2897,603570,399353,18755,2262793
2018-09-26,KM,2047,426570,282241,13255,1599218
2018-09-26,MA,5317,1107549,732812,34417,4152218
2018-09-26,MG,31113,6480894,4288094,201394,24296963
2018-09-26,ML,17257,3594675,2378422,111704,13476486
2018-09-26,MQ,2328,485083,320956,15073,1818584
2018-09-26,MR,1727,359750,238029,11179,1348709
2018-09-26,MU,10338,2153573,1424915,66922,8073777
2018-09-26,NC,2137,445192,294562,13834,1669032
2018-09-26,NE,4411,918865,607968,28553,3444839
2018-09-26,PF,2197,457789,302897,14225,1716259
2018-09-26,RE,8987,1872053,1238647,58174,7018354
2018-09-26,RW,669,139390,92228,4331,522577
2018-09-26,SN,35616,7418838,4908687,230540,27813327
2018-09-26,TD,1401,291835,193093,9068,1094094
2018-09-26,TG,4245,884360,585138,27481,3315477
2018-09-26,TN,7626,1588616,1051110,49366,5955745
2018-09-26,US,4787,997187,659790,30987,3738468
2018-09-26,YT,840,175174,115904,5443,656730
2018-09-26,ZA,1027,213969,141573,6649,802175
2018-09-27,AO,2500,520775,344572,16183,1952394
2018-09-27,BE,4374,911197,602895,28315,3416092
2018-09-27,BF,18355,3823433,2529780,118813,14334103
2018-09-27,BI,1351,281520,186268,8748,1055422
2018-09-27,BJ,5703,1187970,786022,36916,4453718
2018-09-27,CA,4481,933562,617692,29010,3499937
2018-09-27,CD,21165,4408746,2917054,137002,16528451
2018-09-27,CF,2050,427026,282543,13269,1600929
2018-09-27,CG,7855,1636358,1082699,50849,6134729
2018-09-27,CH,719,149888,99173,4657,561933
2018-09-27,CI,47465,9886977,6541735,307238,37066413
2018-09-27,CM,43255,9010011,5961489,279986,33778655
2018-09-27,CN,645,134461,88966,4178,504097
2018-09-27,DE,1351,281611,186328,8751,1055764
2018-09-27,DJ,1416,295030,195207,9168,1106071
2018-09-27,DZ,16746,3488329,2308058,108400,13077794
2018-09-27,ES,1067,222276,147069,6907,833318
2018-09-27,FR,31052,6468115,4279639,200997,24249052
2018-09-27,GA,10111,2106106,1393508,65447,7895820
2018-09-27,GB,845,176178,116568,5474,660494
2018-09-27,GF,721,150253,99415,4669,563302
2018-09-27,GH,984,205115,135714,6373,768980
2018-09-27,GN,15513,3231364,2138037,100414,12114430
2018-09-27,GP,2308,480884,318178,14943,1802842
2018-09-27,HT,9763,2033809,1345673,63200,7624777
2018-09-27,IT,2900,604209,399776,18775,2265188
2018-09-27,KM,2054,427939,283147,13298,1604351
2018-09-27,MA,5317,1107640,732872,34420,4152560
2018-09-27,MG,31150,6488562,4293168,201632,24325710
2018-09-27,ML,17280,3599513,2381624,111855,13494624
2018-09-27,MQ,2334,486361,321801,15113,1823375
2018-09-27,MR,1729,360206,238331,11193,1350420
2018-09-27,MU,10354,2156768,1427029,67021,8085755
2018-09-27,NC,2144,446652,295528,13879,1674507
2018-09-27,NE,4417,920052,608754,28590,3449287
2018-09-27,PF,2201,458611,303440,14251,1719339
2018-09-27,RE,8991,1872875,1239191,58199,7021434
2018-09-27,RW,670,139664,92409,4340,523604
2018-09-27,SN,35665,7428971,4915391,230855,27851314
2018-09-27,TD,1401,291926,193153,9071,1094436
2018-09-27,TG,4248,884999,585561,27501,3317873
2018-09-27,TN,7631,1589529,1051714,49394,5959167
2018-09-27,US,4792,998191,660454,31018,3742232
2018-09-27,YT,842,175539,116145,5454,658099
2018-09-27,ZA,1030,214700,142056,6671,804913
2018-09-28,AO,2506,522053,345417,16222,1957186
2018-09-28,BE,4383,913114,604163,28375,3423278
2018-09-28,BF,18378,3828271,2532982,118963,14352241
2018-09-28,BI,1354,282159,186691,8768,1057818
2018-09-28,BJ,5708,1188974,786687,36947,4457483
2018-09-28,CA,4484,934109,618055,29027,3501990
2018-09-28,CD,21206,4417327,2922731,137268,16560620
2018-09-28,CF,2052,427574,282905,13286,1602982
2018-09-28,CG,7869,1639096,1084511,50935,6144996
2018-09-28,CH,720,149979,99234,4660,562276
2018-09-28,CI,47528,9900122,6550432,307646,37115693
2018-09-28,CM,43305,9020509,5968434,280312,33818011
2018-09-28,CN,646,134644,89087,4184,504782
2018-09-28,DE,1358,283071,187294,8796,1061240
2018-09-28,DJ,1419,295577,195569,9185,1108125
2018-09-28,DZ,16772,3493715,2311622,108567,13097985
2018-09-28,ES,1066,222094,146948,6901,832633
2018-09-28,FR,31095,6477061,4285558,201275,24282590
2018-09-28,GA,10129,2109939,1396045,65566,7910193
2018-09-28,GB,847,176543,116810,5486,661863
2018-09-28,GF,721,150344,99475,4671,563644
2018-09-28,GH,987,205663,136077,6390,771033
2018-09-28,GN,15541,3237206,2141903,100596,12136332
2018-09-28,GP,2307,480701,318057,14937,1802158
2018-09-28,HT,9778,2036821,1347666,63294,7636071
2018-09-28,IT,2904,605030,400319,18801,2268268
2018-09-28,KM,2056,428304,283388,13309,1605720
2018-09-28,MA,5328,1109922,734382,34490,4161116
2018-09-28,MG,31174,6493583,4296490,201788,24344533
2018-09-28,ML,17302,3603986,2384583,111994,13511393
2018-09-28,MQ,2334,486361,321801,15113,1823375
2018-09-28,MR,1731,360754,238693,11210,1352474
2018-09-28,MU,10367,2159598,1428901,67109,8096364
2018-09-28,NC,2148,447474,296072,13905,1677588
2018-09-28,NE,4420,920782,609237,28613,3452025
2018-09-28,PF,2208,460071,304407,14296,1724815
2018-09-28,RE,8999,1874518,1240278,58250,7027594
2018-09-28,RW,671,139847,92530,4345,524289
2018-09-28,SN,35710,7438464,4921672,231150,27886906
2018-09-28,TD,1404,292474,193516,9088,1096489
2018-09-28,TG,4250,885364,585802,27512,3319242
2018-09-28,TN,7634,1590168,1052137,49414,5961563
2018-09-28,US,4801,1000199,661783,31081,3749761
2018-09-28,YT,844,175904,116387,5466,659467
2018-09-28,ZA,1033,215339,142479,6691,807309
2018-09-29,AO,2511,523240,346202,16259,1961634
2018-09-29,BE,4386,913662,604526,28392,3425332
2018-09-29,BF,18406,3833930,2536726,119139,14373459
2018-09-29,BI,1357,282706,187053,8785,1059871
2018-09-29,BJ,5716,1190800,787895,37004,4464327
2018-09-29,CA,4491,935570,619021,29072,3507466
2018-09-29,CD,21250,4426364,2928711,137549,16594500
2018-09-29,CF,2056,428304,283388,13309,1605720
2018-09-29,CG,7880,1641561,1086141,51011,6154236
2018-09-29,CH,721,150253,99415,4669,563302
2018-09-29,CI,47590,9913084,6559008,308049,37164289
2018-09-29,CM,43369,9033836,5977252,280726,33867976
2018-09-29,CN,647,134826,89208,4189,505466
2018-09-29,DE,1359,283254,187415,8802,1061924
2018-09-29,DJ,1421,296034,195871,9199,1109836
2018-09-29,DZ,16794,3498279,2314642,108709,13115097
2018-09-29,ES,1067,222276,147069,6907,833318
2018-09-29,FR,31125,6483359,4289725,201470,24306203
2018-09-29,GA,10145,2113317,1398280,65671,7922856
2018-09-29,GB,847,176634,116870,5488,662205
2018-09-29,GF,723,150618,99657,4680,564671
2018-09-29,GH,989,206028,136318,6402,772402
2018-09-29,GN,15578,3244874,2146976,100834,12165079
2018-09-29,GP,2309,481067,318298,14949,1803526
2018-09-29,HT,9795,2040290,1349961,63402,7649075
2018-09-29,IT,2908,605852,400863,18826,2271348
2018-09-29,KM,2065,430313,284717,13372,1613249
2018-09-29,MA,5332,1110744,734925,34516,4164196
2018-09-29,MG,31213,6501799,4301926,202043,24375333
2018-09-29,ML,17330,3609919,2388509,112178,13533638
2018-09-29,MQ,2337,486909,322164,15130,1825429
2018-09-29,MR,1736,361758,239358,11241,1356238
2018-09-29,MU,10374,2160967,1429807,67152,8101497
2018-09-29,NC,2150,447930,296374,13919,1679299
2018-09-29,NE,4426,922060,610082,28653,3456816
2018-09-29,PF,2211,460619,304769,14313,1726868
2018-09-29,RE,9006,1876070,1241304,58298,7033412
2018-09-29,RW,672,140121,92711,4354,525315
2018-09-29,SN,35760,7448779,4928497,231471,27925577
2018-09-29,TD,1404,292565,193576,9091,1096831
2018-09-29,TG,4253,886003,586225,27532,3321637
2018-09-29,TN,7645,1592633,1053768,49491,5970803
2018-09-29,US,4807,1001294,662508,31115,3753868
2018-09-29,YT,847,176452,116749,5483,661521
2018-09-29,ZA,1035,215795,142781,6705,809020
2018-09-30,AO,2520,524974,347350,16313,1968137
2018-09-30,BE,4395,915670,605854,28454,3432861
2018-09-30,BF,18435,3840046,2540773,119329,14396388
2018-09-30,BI,1358,282980,187234,8793,1060898
2018-09-30,BJ,5726,1192808,789224,37066,4471856
2018-09-30,CA,4497,936848,619867,29112,3512257
2018-09-30,CD,21288,4434306,2933966,137796,16624274
2018-09-30,CF,2059,428943,283811,13329,1608116
2018-09-30,CG,7894,1644391,1088014,51099,6164845
2018-09-30,CH,720,150071,99294,4663,562618
2018-09-30,CI,47653,9926138,6567645,308455,37213228
2018-09-30,CM,43434,9047255,5986131,281143,33918283
2018-09-30,CN,649,135282,89510,4203,507177
2018-09-30,DE,1364,284167,188019,8830,1065347
2018-09-30,DJ,1422,296308,196052,9207,1110863
2018-09-30,DZ,16808,3501200,2316575,108800,13126048
2018-09-30,ES,1067,222459,147190,6912,834002
2018-09-30,FR,31182,6495226,4297577,201839,24350693
2018-09-30,GA,10164,2117333,1400937,65796,7937913
2018-09-30,GB,851,177364,117353,5511,664943
2018-09-30,GF,721,150253,99415,4669,563302
2018-09-30,GH,991,206484,136620,6416,774113
2018-09-30,GN,15603,3250169,2150479,100999,12184928
2018-09-30,GP,2313,481888,318842,14974,1806606
2018-09-30,HT,9807,2042937,1351712,63484,7659000
2018-09-30,IT,2909,606126,401044,18835,2272375
2018-09-30,KM,2071,431408,285442,13406,1617356
2018-09-30,MA,5336,1111566,735469,34541,4167276
2018-09-30,MG,31242,6507641,4305791,202225,24397235
2018-09-30,ML,17346,3613205,2390683,112280,13545958
2018-09-30,MQ,2338,487183,322345,15139,1826455
2018-09-30,MR,1739,362397,239781,11261,1358634
2018-09-30,MU,10380,2162245,1430653,67191,8106288
2018-09-30,NC,2150,447930,296374,13919,1679299
2018-09-30,NE,4434,923703,611169,28704,3462976
2018-09-30,PF,2215,461532,305373,14342,1730290
2018-09-30,RE,9022,1879356,1243479,58401,7045732
2018-09-30,RW,674,140394,92892,4362,526342
2018-09-30,SN,35805,7458182,4934718,231763,27960827
2018-09-30,TD,1407,293204,193999,9111,1099227
2018-09-30,TG,4260,887372,587131,27575,3326771
2018-09-30,TN,7649,1593454,1054311,49516,5973883
2018-09-30,US,4813,1002664,663414,31157,3759001
2018-09-30,YT,846,176269,116629,5477,660836
2018-09-30,ZA,1038,216343,143143,6722,811073
2018-10-01,AO,2524,525796,347893,16339,1971217
2018-10-01,BE,4396,915853,605975,28460,3433545
2018-10-01,BF,18462,3845797,2544578,119508,14417948
2018-10-01,BI,1360,283437,187536,8807,1062609
2018-10-01,BJ,5735,1194725,790492,37126,4479043
2018-10-01,CA,4503,938035,620652,29149,3516706
2018-10-01,CD,21330,4443069,2939764,138068,16657128
2018-10-01,CF,2061,429308,284052,13340,1609485
2018-10-01,CG,7907,1647038,1089765,51181,6174769
2018-10-01,CH,720,150162,99355,4666,562960
2018-10-01,CI,47723,9940743,6577309,308909,37267984
2018-10-01,CM,43499,9060765,5995070,281563,33968932
2018-10-01,CN,649,135282,89510,4203,507177
2018-10-01,DE,1365,284532,188261,8841,1066716
2018-10-01,DJ,1424,296673,196294,9219,1112231
2018-10-01,DZ,16829,3505582,2319474,108936,13142475
2018-10-01,ES,1068,222550,147250,6915,834345
2018-10-01,FR,31207,6500521,4301080,202004,24370542
2018-10-01,GA,10183,2121259,1403534,65918,7952629
2018-10-01,GB,852,177547,117474,5517,665628
2018-10-01,GF,723,150618,99657,4680,564671
2018-10-01,GH,993,206849,136862,6427,775482
2018-10-01,GN,15628,3255463,2153982,101163,12204777
2018-10-01,GP,2318,482984,319567,15008,1810713
2018-10-01,HT,9822,2046041,1353766,63580,7670636
2018-10-01,IT,2913,606856,401527,18858,2275113
2018-10-01,KM,2077,432777,286348,13448,1622489
2018-10-01,MA,5342,1112752,736254,34578,4171725
2018-10-01,MG,31278,6515217,4310804,202460,24425640
2018-10-01,ML,17369,3618044,2393884,112430,13564096
2018-10-01,MQ,2342,487913,322828,15161,1829193
2018-10-01,MR,1740,362580,239901,11267,1359318
2018-10-01,MU,10393,2164984,1432465,67277,8116555
2018-10-01,NC,2152,448387,296676,13933,1681010
2018-10-01,NE,4438,924525,611713,28729,3466057
2018-10-01,PF,2218,462079,305735,14359,1732344
2018-10-01,RE,9029,1880725,1244385,58443,7050866
2018-10-01,RW,674,140486,92952,4365,526684
2018-10-01,SN,35843,7466032,4939912,232007,27990258
2018-10-01,TD,1409,293569,194240,9122,1100596
2018-10-01,TG,4264,888376,587795,27606,3330535
2018-10-01,TN,7654,1594367,1054915,49545,5977305
2018-10-01,US,4820,1004124,664380,31203,3764477
2018-10-01,YT,846,176360,116689,5480,661179
2018-10-01,ZA,1040,216708,143385,6734,812442
2018-10-02,AO,2529,526800,348558,16370,1974981
2018-10-02,BE,4406,917952,607364,28525,3441416
2018-10-02,BF,18498,3853100,2549410,119735,14445326
2018-10-02,BI,1364,284258,188080,8833,1065689
2018-10-02,BJ,5744,1196551,791700,37182,4485888
2018-10-02,CA,4507,938856,621196,29175,3519786
2018-10-02,CD,21386,4454753,2947495,138431,16700932
2018-10-02,CF,2064,429947,284475,13360,1611880
2018-10-02,CG,7914,1648498,1090732,51227,6180245
2018-10-02,CH,722,150527,99596,4677,564329
2018-10-02,CI,47800,9956718,6587879,309405,37327873
2018-10-02,CM,43582,9078200,6006606,282105,34034297
2018-10-02,CN,651,135648,89751,4215,508546
2018-10-02,DE,1367,284806,188442,8850,1067742
2018-10-02,DJ,1424,296764,196354,9221,1112574
2018-10-02,DZ,16842,3508229,2321225,109018,13152399
2018-10-02,ES,1069,222733,147371,6921,835029
2018-10-02,FR,31247,6508736,4306516,202259,24401342
2018-10-02,GA,10201,2125001,1406010,66034,7966660
2018-10-02,GB,855,178095,117836,5534,667681
2018-10-02,GF,723,150801,99777,4686,565356
2018-10-02,GH,992,206667,136741,6422,774797
2018-10-02,GN,15646,3259115,2156398,101277,12218466
2018-10-02,GP,2321,483622,319989,15028,1813109
2018-10-02,HT,9835,2048779,1355578,63665,7680902
2018-10-02,IT,2913,606856,401527,18858,2275113
2018-10-02,KM,2082,433781,287012,13479,1626254
2018-10-02,MA,5345,1113391,736677,34598,4174120
2018-10-02,MG,31314,6522703,4315757,202693,24453702
2018-10-02,ML,17390,3622425,2396783,112567,13580523
2018-10-02,MQ,2342,488004,322889,15164,1829536
2018-10-02,MR,1743,363128,240264,11284,1361371
2018-10-02,MU,10398,2165897,1433069,67305,8119977
2018-10-02,NC,2155,449026,297099,13953,1683405
2018-10-02,NE,4443,925529,612377,28760,3469821
2018-10-02,PF,2221,462810,306219,14381,1735081
2018-10-02,RE,9034,1881821,1245110,58477,7054972
2018-10-02,RW,676,140942,93254,4379,528395
2018-10-02,SN,35887,7475252,4946013,232293,28024823
2018-10-02,TD,1411,294025,194542,9136,1102307
2018-10-02,TG,4267,888924,588158,27623,3332589
2018-10-02,TN,7663,1596284,1056184,49604,5984492
2018-10-02,US,4825,1005220,665105,31237,3768584
2018-10-02,YT,847,176634,116870,5488,662205
2018-10-02,ZA,1043,217438,143868,6756,815180
2018-10-03,AO,2536,528443,349645,16421,1981141
2018-10-03,BE,4455,927993,614008,28837,3479061
2018-10-03,BF,18540,3861863,2555208,120007,14478180
2018-10-03,BI,1368,285080,188623,8858,1068769
2018-10-03,BJ,5748,1197373,792243,37208,4488968
2018-10-03,CA,4516,940682,622404,29231,3526630
2018-10-03,CD,21421,4462147,2952387,138661,16728653
2018-10-03,CF,2066,430404,284777,13374,1613591
2018-10-03,CG,7925,1650872,1092302,51300,6189143
2018-10-03,CH,726,151348,100140,4703,567409
2018-10-03,CI,47875,9972328,6598207,309890,37386394
2018-10-03,CM,43636,9089337,6013975,282451,34076049
2018-10-03,CN,654,136287,90174,4235,510942
2018-10-03,DE,1383,288092,190616,8952,1080062
2018-10-03,DJ,1430,298042,197200,9261,1117365
2018-10-03,DZ,16847,3509233,2321890,109049,13156164
2018-10-03,ES,1064,221820,146767,6893,831607
2018-10-03,FR,31357,6531648,4321676,202971,24487241
2018-10-03,GA,10220,2128927,1408608,66156,7981376
2018-10-03,GB,861,179373,118682,5574,672472
2018-10-03,GF,726,151257,100079,4700,567067
2018-10-03,GH,993,206940,136922,6430,775824
2018-10-03,GN,15654,3260758,2157486,101328,12224627
2018-10-03,GP,2327,484900,320835,15068,1817900
2018-10-03,HT,9848,2051335,1357269,63745,7690485
2018-10-03,IT,2919,608225,402433,18900,2280246
2018-10-03,KM,2085,434420,287435,13499,1628649
2018-10-03,MA,5346,1113665,736858,34607,4175147
2018-10-03,MG,31345,6529184,4320045,202894,24478000
2018-10-03,ML,17404,3625346,2398716,112657,13591474
2018-10-03,MQ,2343,488095,322949,15167,1829878
2018-10-03,MR,1746,363858,240747,11306,1364109
2018-10-03,MU,10406,2167722,1434277,67362,8126822
2018-10-03,NC,2155,448935,297038,13950,1683063
2018-10-03,NE,4450,926989,613344,28806,3475297
2018-10-03,PF,2222,462992,306339,14387,1735766
2018-10-03,RE,9049,1884924,1247163,58574,7066608
2018-10-03,RW,676,140851,93194,4376,528053
2018-10-03,SN,35915,7481094,4949878,232475,28046725
2018-10-03,TD,1411,293934,194482,9134,1101965
2018-10-03,TG,4271,889745,588701,27648,3335669
2018-10-03,TN,7671,1598018,1057331,49658,5990994
2018-10-03,US,4839,1008141,667038,31328,3779535
2018-10-03,YT,849,176999,117112,5500,663574
2018-10-03,ZA,1048,218351,144472,6785,818602
2018-10-04,AO,2541,529447,350309,16452,1984906
2018-10-04,BE,4459,928815,614552,28862,3482141
2018-10-04,BF,18572,3868527,2559617,120214,14503162
2018-10-04,BI,1371,285719,189046,8878,1071164
2018-10-04,BJ,5756,1199016,793331,37259,4495128
2018-10-04,CA,4521,941869,623189,29268,3531079
2018-10-04,CD,21468,4471732,2958729,138959,16764586
2018-10-04,CF,2070,431225,285321,13400,1616671
2018-10-04,CG,7941,1654249,1094537,51405,6201805
2018-10-04,CH,726,151348,100140,4703,567409
2018-10-04,CI,47952,9988302,6608777,310387,37446283
2018-10-04,CM,43704,9103486,6023336,282891,34129094
2018-10-04,CN,656,136743,90476,4249,512653
2018-10-04,DE,1384,288366,190798,8961,1081089
2018-10-04,DJ,1433,298590,197562,9278,1119418
2018-10-04,DZ,16858,3511515,2323400,109120,13164719
2018-10-04,ES,1064,221820,146767,6893,831607
2018-10-04,FR,31390,6538586,4326266,203186,24513250
2018-10-04,GA,10234,2131756,1410480,66244,7991985
2018-10-04,GB,862,179647,118863,5582,673499
2018-10-04,GF,727,151622,100321,4711,568436
2018-10-04,GH,994,207214,137104,6439,776851
2018-10-04,GN,15677,3265504,2160626,101475,12242422
2018-10-04,GP,2330,485539,321258,15088,1820295
2018-10-04,HT,9861,2054165,1359141,63833,7701094
2018-10-04,IT,2923,609047,402977,18926,2283326
2018-10-04,KM,2090,435425,288099,13530,1632414
2018-10-04,MA,5352,1114943,737704,34646,4179938
2018-10-04,MG,31373,6535117,4323971,203079,24500245
2018-10-04,ML,17424,3629545,2401495,112788,13607216
2018-10-04,MQ,2345,488643,323311,15184,1831931
2018-10-04,MR,1749,364314,241049,11321,1365820
2018-10-04,MU,10419,2170370,1436028,67444,8136746
2018-10-04,NC,2158,449574,297461,13970,1685459
2018-10-04,NE,4456,928267,614189,28845,3480088
2018-10-04,PF,2223,463084,306400,14390,1736108
2018-10-04,RE,9057,1886567,1248250,58625,7072768
2018-10-04,RW,677,141216,93436,4388,529422
2018-10-04,SN,35960,7490588,4956160,232770,28082316
2018-10-04,TD,1412,294299,194723,9145,1103334
2018-10-04,TG,4277,891023,589547,27688,3340460
2018-10-04,TN,7677,1599205,1058117,49695,5995443
2018-10-04,US,4845,1009236,667763,31362,3783642
2018-10-04,YT,850,177091,117172,5503,663916
2018-10-04,ZA,1049,218625,144653,6793,819629
2018-10-05,AO,2545,530269,350853,16478,1987986
2018-10-05,BE,4464,929910,615277,28897,3486248
2018-10-05,BF,18606,3875738,2564389,120438,14530198
2018-10-05,BI,1374,286358,189469,8898,1073560
2018-10-05,BJ,5765,1200841,794539,37316,4501972
2018-10-05,CA,4524,942508,623611,29288,3533475
2018-10-05,CD,21529,4484512,2967185,139356,16812498
2018-10-05,CF,2072,431773,285683,13417,1618725
2018-10-05,CG,7957,1657444,1096651,51505,6213783
2018-10-05,CH,727,151531,100261,4708,568093
2018-10-05,CI,48019,10002360,6618078,310823,37498986
2018-10-05,CM,43767,9116722,6032094,283302,34178717
2018-10-05,CN,656,136834,90536,4252,512995
2018-10-05,DE,1386,288822,191100,8975,1082800
2018-10-05,DJ,1438,299685,198287,9312,1123525
2018-10-05,DZ,16877,3515623,2326118,109248,13180119
2018-10-05,ES,1067,222367,147130,6910,833660
2018-10-05,FR,31426,6546163,4331279,203422,24541654
2018-10-05,GA,10248,2134769,1412473,66338,8003278
2018-10-05,GB,865,180194,119226,5599,675552
2018-10-05,GF,729,151896,100502,4720,569462
2018-10-05,GH,994,207123,137043,6436,776509
2018-10-05,GN,15704,3271255,2164431,101654,12263982
2018-10-05,GP,2332,485905,321499,15099,1821664
2018-10-05,HT,9890,2060190,1363128,64020,7723680
2018-10-05,IT,2926,609686,403399,18946,2285722
2018-10-05,KM,2096,436794,289005,13573,1637547
2018-10-05,MA,5358,1116221,738549,34686,4184729
2018-10-05,MG,31401,6540777,4327716,203255,24521463
2018-10-05,ML,17454,3635661,2405541,112978,13630146
2018-10-05,MQ,2351,489739,324036,15218,1836038
2018-10-05,MR,1750,364588,241230,11329,1366847
2018-10-05,MU,10431,2172834,1437659,67520,8145986
2018-10-05,NC,2162,450486,298065,13998,1688881
2018-10-05,NE,4462,929454,614975,28882,3484537
2018-10-05,PF,2225,463631,306762,14407,1738161
2018-10-05,RE,9061,1887571,1248915,58656,7076533
2018-10-05,RW,679,141490,93617,4396,530449
2018-10-05,SN,35997,7498164,4961173,233005,28110721
2018-10-05,TD,1414,294573,194905,9153,1104360
2018-10-05,TG,4282,891936,590151,27716,3343882
2018-10-05,TN,7681,1600027,1058660,49720,5998523
2018-10-05,US,4851,1010514,668608,31401,3788433
2018-10-05,YT,851,177456,117414,5514,665285
2018-10-05,ZA,1054,219629,145318,6824,823393
2018-10-06,AO,2549,530999,351336,16500,1990724
2018-10-06,BE,4469,930914,615941,28928,3490012
2018-10-06,BF,18641,3882950,2569160,120662,14557234
2018-10-06,BI,1378,287179,190012,8924,1076640
2018-10-06,BJ,5775,1203124,796049,37387,4510528
2018-10-06,CA,4526,942873,623853,29299,3534844
2018-10-06,CD,21577,4494644,2973889,139671,16850485
2018-10-06,CF,2074,432047,285864,13425,1619751
2018-10-06,CG,7974,1661004,1099006,51615,6227130
2018-10-06,CH,728,151714,100381,4714,568778
2018-10-06,CI,48087,10016418,6627379,311260,37551688
2018-10-06,CM,43829,9129502,6040550,283699,34226628
2018-10-06,CN,657,137017,90657,4257,513680
2018-10-06,DE,1387,289005,191220,8980,1083485
2018-10-06,DJ,1440,300050,198529,9324,1124894
2018-10-06,DZ,16886,3517448,2327325,109304,13186964
2018-10-06,ES,1068,222641,147311,6918,834687
2018-10-06,FR,31459,6553009,4335809,203635,24567321
2018-10-06,GA,10263,2137872,1414527,66434,8014914
2018-10-06,GB,865,180377,119346,5605,676237
2018-10-06,GF,729,151896,100502,4720,569462
2018-10-06,GH,996,207488,137285,6447,777877
2018-10-06,GN,15730,3276641,2167995,101821,12284174
2018-10-06,GP,2334,486178,321681,15108,1822691
2018-10-06,HT,9915,2065393,1366570,64182,7743187
2018-10-06,IT,2929,610233,403762,18963,2287775
2018-10-06,KM,2102,437889,289730,13607,1641654
2018-10-06,MA,5363,1117225,739214,34717,4188494
2018-10-06,MG,31426,6546071,4331219,203419,24541312
2018-10-06,ML,17475,3640134,2408501,113117,13646915
2018-10-06,MQ,2352,489921,324157,15224,1836722
2018-10-06,MR,1754,365501,241834,11357,1370269
2018-10-06,MU,10441,2175025,1439109,67589,8154200
2018-10-06,NC,2165,451034,298427,14015,1690934
2018-10-06,NE,4470,931097,616062,28933,3490697
2018-10-06,PF,2227,463905,306943,14415,1739188
2018-10-06,RE,9068,1888941,1249821,58698,7081666
2018-10-06,RW,679,141581,93677,4399,530791
2018-10-06,SN,36034,7505832,4966246,233244,28139468
2018-10-06,TD,1415,294756,195025,9159,1105045
2018-10-06,TG,4287,893123,590936,27753,3348331
2018-10-06,TN,7689,1601761,1059808,49774,6005025
2018-10-06,US,4857,1011883,669514,31444,3793566
2018-10-06,YT,852,177638,117535,5520,665970
2018-10-06,ZA,1055,219812,145438,6830,824078
2018-10-07,AO,2556,532459,352303,16546,1996199
2018-10-07,BE,4489,935205,618780,29061,3506097
2018-10-07,BF,18662,3887423,2572120,120801,14574003
2018-10-07,BI,1381,287727,190375,8941,1078693
2018-10-07,BJ,5784,1204949,797256,37443,4517372
2018-10-07,CA,4537,945246,625423,29373,3543742
2018-10-07,CD,21633,4506238,2981559,140031,16893947
2018-10-07,CF,2075,432230,285985,13431,1620436
2018-10-07,CG,7991,1664656,1101422,51729,6240819
2018-10-07,CH,728,151805,100442,4717,569120
2018-10-07,CI,48168,10033397,6638613,311788,37615342
2018-10-07,CM,43915,9147576,6052509,284261,34294389
2018-10-07,CN,659,137473,90959,4272,515391
2018-10-07,DE,1390,289553,191583,8997,1085538
2018-10-07,DJ,1445,301146,199253,9358,1129000
2018-10-07,DZ,16897,3519639,2328775,109373,13195177
2018-10-07,ES,1071,223098,147613,6932,836398
2018-10-07,FR,31536,6568892,4346318,204128,24626868
2018-10-07,GA,10281,2141524,1416943,66547,8028603
2018-10-07,GB,866,180468,119407,5608,676579
2018-10-07,GF,729,151896,100502,4720,569462
2018-10-07,GH,997,207853,137526,6459,779246
2018-10-07,GN,15760,3282848,2172102,102014,12307445
2018-10-07,GP,2334,486270,321741,15110,1823033
2018-10-07,HT,9928,2068131,1368382,64267,7753454
2018-10-07,IT,2934,611238,404426,18994,2291540
2018-10-07,KM,2106,438711,290274,13632,1644734
2018-10-07,MA,5370,1118686,740180,34763,4193970
2018-10-07,MG,31468,6554743,4336957,203689,24573824
2018-10-07,ML,17503,3645976,2412366,113298,13668817
2018-10-07,MQ,2353,490286,324399,15235,1838091
2018-10-07,MR,1756,365866,242076,11369,1371638
2018-10-07,MU,10447,2176120,1439834,67623,8158306
2018-10-07,NC,2168,451673,298850,14035,1693330
2018-10-07,NE,4477,932558,617028,28979,3496172
2018-10-07,PF,2229,464453,307306,14432,1741241
2018-10-07,RE,9074,1890127,1250606,58735,7086115
2018-10-07,RW,682,142220,94100,4419,533186
2018-10-07,SN,36082,7515873,4972890,233556,28177113
2018-10-07,TD,1416,295121,195267,9170,1106414
2018-10-07,TG,4296,894857,592084,27807,3354833
2018-10-07,TN,7702,1604500,1061620,49859,6015292
2018-10-07,US,4869,1014348,671145,31520,3802806
2018-10-07,YT,855,178186,117897,5537,668023
2018-10-07,ZA,1058,220451,145861,6850,826473
2018-10-08,AO,2563,534011,353329,16594,2002017
2018-10-08,BE,4494,936118,619384,29089,3509519
2018-10-08,BF,18697,3894543,2576831,121023,14600696
2018-10-08,BI,1384,288457,190858,8963,1081431
2018-10-08,BJ,5799,1208053,799310,37540,4529008
2018-10-08,CA,4543,946433,626209,29410,3548191
2018-10-08,CD,21689,4517831,2989230,140391,16937410
2018-10-08,CF,2078,432960,286468,13454,1623174
2018-10-08,CG,8006,1667759,1103476,51825,6252454
2018-10-08,CH,729,151896,100502,4720,569462
2018-10-08,CI,48254,10051197,6650391,312341,37682076
2018-10-08,CM,43998,9164737,6063864,284794,34358727
2018-10-08,CN,662,137930,91261,4286,517102
2018-10-08,DE,1392,290009,191885,9012,1087249
2018-10-08,DJ,1451,302332,200039,9395,1133449
2018-10-08,DZ,16910,3522469,2330647,109460,13205786
2018-10-08,ES,1071,223098,147613,6932,836398
2018-10-08,FR,31570,6576104,4351090,204352,24653904
2018-10-08,GA,10300,2145632,1419661,66675,8044003
2018-10-08,GB,868,180833,119648,5619,677948
2018-10-08,GF,729,151896,100502,4720,569462
2018-10-08,GH,1000,208401,137889,6476,781300
2018-10-08,GN,15796,3290334,2177055,102247,12335508
2018-10-08,GP,2338,487000,322224,15133,1825771
2018-10-08,HT,9954,2073426,1371885,64431,7773303
2018-10-08,IT,2939,612242,405091,19025,2295304
2018-10-08,KM,2114,440445,291421,13686,1651236
2018-10-08,MA,5374,1119416,740663,34785,4196707
2018-10-08,MG,31523,6566245,4344567,204046,24616944
2018-10-08,ML,17537,3652914,2416957,113514,13694826
2018-10-08,MQ,2358,491199,325003,15264,1841513
2018-10-08,MR,1759,366505,242498,11389,1374034
2018-10-08,MU,10466,2180228,1442551,67750,8173707
2018-10-08,NC,2172,452586,299454,14064,1696752
2018-10-08,NE,4484,934109,618055,29027,3501990
2018-10-08,PF,2231,464909,307608,14447,1742953
2018-10-08,RE,9083,1892136,1251935,58798,7093644
2018-10-08,RW,683,142311,94160,4422,533529
2018-10-08,SN,36141,7528105,4980983,233936,28222971
2018-10-08,TD,1417,295212,195327,9173,1106756
2018-10-08,TG,4303,896409,593110,27855,3360651
2018-10-08,TN,7724,1609064,1064640,50001,6032403
2018-10-08,US,4874,1015443,671870,31554,3806913
2018-10-08,YT,856,178460,118078,5545,669050
2018-10-08,ZA,1061,221090,146284,6870,828869
2018-10-09,AO,2571,535563,354356,16642,2007835
2018-10-09,BE,4536,944972,625242,29365,3542715
2018-10-09,BF,18733,3902120,2581844,121258,14629101
2018-10-09,BI,1387,289005,191220,8980,1083485
2018-10-09,BJ,5807,1209696,800397,37591,4535168
2018-10-09,CA,4551,948076,627296,29461,3554351
2018-10-09,CD,21734,4527233,2995451,140684,16972659
2018-10-09,CF,2084,434147,287254,13491,1627623
2018-10-09,CG,8021,1670863,1105529,51922,6264090
2018-10-09,CH,727,151531,100261,4708,568093
2018-10-09,CI,48327,10066533,6660538,312818,37739570
2018-10-09,CM,44053,9176239,6071474,285152,34401847
2018-10-09,CN,663,138112,91382,4291,517786
2018-10-09,DE,1401,291926,193153,9071,1094436
2018-10-09,DJ,1457,303610,200884,9434,1138241
2018-10-09,DZ,16919,3524386,2331916,109520,13212973
2018-10-09,ES,1071,223189,147673,6935,836740
2018-10-09,FR,31635,6589523,4359968,204769,24704211
2018-10-09,GA,10323,2150287,1422741,66820,8061457
2018-10-09,GB,869,181198,119890,5630,679317
2018-10-09,GF,730,152170,100683,4728,570489
2018-10-09,GH,1000,208492,137949,6478,781642
2018-10-09,GN,15840,3299462,2183094,102530,12369730
2018-10-09,GP,2338,487091,322285,15136,1826113
2018-10-09,HT,9980,2078903,1375509,64602,7793837
2018-10-09,IT,2947,613976,406238,19079,2301806
2018-10-09,KM,2120,441632,292206,13723,1655685
2018-10-09,MA,5389,1122702,742838,34888,4209027
2018-10-09,MG,31565,6575008,4350365,204318,24649798
2018-10-09,ML,17552,3656200,2419131,113616,13707146
2018-10-09,MQ,2362,492112,325606,15292,1844936
2018-10-09,MR,1760,366688,242619,11394,1374718
2018-10-09,MU,10481,2183332,1444605,67847,8185342
2018-10-09,NC,2177,453590,300118,14095,1700517
2018-10-09,NE,4486,934475,618296,29038,3503359
2018-10-09,PF,2234,465366,307910,14461,1744664
2018-10-09,RE,9095,1894509,1253505,58871,7102542
2018-10-09,RW,685,142768,94462,4436,535240
2018-10-09,SN,36177,7535591,4985936,234168,28251034
2018-10-09,TD,1416,295121,195267,9170,1106414
2018-10-09,TG,4305,896774,593352,27867,3362020
2018-10-09,TN,7746,1613537,1067599,50140,6049172
2018-10-09,US,4884,1017360,673138,31614,3814100
2018-10-09,YT,858,178734,118259,5554,670076
2018-10-09,ZA,1067,222459,147190,6912,834002
2018-10-10,AO,2579,537389,355564,16699,2014679
2018-10-10,BE,4580,954101,631282,29648,3576937
2018-10-10,BF,18775,3910883,2587642,121530,14661955
2018-10-10,BI,1388,289279,191402,8989,1084511
2018-10-10,BJ,5817,1211796,801786,37656,4543039
2018-10-10,CA,4556,949171,628021,29495,3558457
2018-10-10,CD,21782,4537183,3002034,140993,17009962
2018-10-10,CF,2084,434147,287254,13491,1627623
2018-10-10,CG,8032,1673054,1106979,51990,6272303
2018-10-10,CH,727,151622,100321,4711,568436
2018-10-10,CI,48438,10089628,6675819,313535,37826153
2018-10-10,CM,44113,9188836,6079809,285543,34449074
2018-10-10,CN,663,138295,91503,4297,518471
2018-10-10,DE,1415,294847,195086,9162,1105387
2018-10-10,DJ,1461,304523,201488,9463,1141663
2018-10-10,DZ,16947,3530137,2335721,109699,13234533
2018-10-10,ES,1074,223828,148096,6955,839136
2018-10-10,FR,31720,6607232,4371686,205320,24770603
2018-10-10,GA,10345,2154942,1425821,66964,8078910
2018-10-10,GB,871,181564,120132,5642,680685
2018-10-10,GF,732,152626,100985,4742,572200
2018-10-10,GH,1001,208675,138070,6484,782326
2018-10-10,GN,15871,3305943,2187383,102732,12394028
2018-10-10,GP,2344,488278,323070,15173,1830562
2018-10-10,HT,9998,2082737,1378046,64721,7808210
2018-10-10,IT,2954,615437,407205,19124,2307282
2018-10-10,KM,2125,442636,292871,13754,1659450
2018-10-10,MA,5393,1123433,743321,34910,4211765
2018-10-10,MG,31609,6584137,4356405,204602,24684020
2018-10-10,ML,17580,3661951,2422936,113795,13728706
2018-10-10,MQ,2362,492203,325667,15295,1845278
2018-10-10,MR,1760,366688,242619,11394,1374718
2018-10-10,MU,10499,2187074,1447081,67963,8199374
2018-10-10,NC,2183,454777,300904,14132,1704966
2018-10-10,NE,4488,934931,618598,29053,3505070
2018-10-10,PF,2238,466370,308574,14492,1748428
2018-10-10,RE,9101,1895787,1254350,58911,7107333
2018-10-10,RW,688,143315,94825,4453,537293
2018-10-10,SN,36226,7545814,4992701,234486,28289363
2018-10-10,TD,1418,295395,195448,9179,1107440
2018-10-10,TG,4309,897596,593896,27892,3365100
2018-10-10,TN,7761,1616640,1069653,50237,6060808
2018-10-10,US,4899,1020464,675192,31710,3825735
2018-10-10,YT,861,179464,118742,5576,672814
2018-10-10,ZA,1072,223463,147854,6944,837767
2018-10-11,AO,2587,539032,356651,16750,2020839
2018-10-11,BE,4628,964142,637926,29960,3614582
2018-10-11,BF,18835,3923389,2595917,121919,14708839
2018-10-11,BI,1394,290557,192247,9029,1089302
2018-10-11,BJ,5823,1213073,802632,37696,4547830
2018-10-11,CA,4562,950267,628745,29529,3562564
2018-10-11,CD,21838,4548867,3009765,141356,17053767
2018-10-11,CF,2085,434420,287435,13499,1628649
2018-10-11,CG,8045,1675884,1108851,52078,6282912
2018-10-11,CH,730,152170,100683,4728,570489
2018-10-11,CI,48550,10112905,6691220,314259,37913420
2018-10-11,CM,44179,9202438,6088808,285966,34500066
2018-10-11,CN,664,138386,91563,4300,518813
2018-10-11,DE,1428,297586,196898,9247,1115654
2018-10-11,DJ,1467,305710,202273,9499,1146112
2018-10-11,DZ,16982,3537348,2340492,109923,13261569
2018-10-11,ES,1076,224193,148338,6966,840505
2018-10-11,FR,31791,6622111,4381531,205782,24826386
2018-10-11,GA,10365,2159142,1428599,67095,8094653
2018-10-11,GB,876,182568,120796,5673,684450
2018-10-11,GF,735,153174,101348,4759,574253
2018-10-11,GH,1004,209131,138372,6498,784037
2018-10-11,GN,15909,3313976,2192698,102982,12424144
2018-10-11,GP,2346,488734,323372,15187,1832273
2018-10-11,HT,10033,2089857,1382757,64942,7834904
2018-10-11,IT,2959,616532,407929,19158,2311389
2018-10-11,KM,2127,443092,293173,13769,1661161
2018-10-11,MA,5409,1126810,745556,35015,4224428
2018-10-11,MG,31659,6594634,4363351,204928,24723376
2018-10-11,ML,17610,3668158,2427043,113988,13751978
2018-10-11,MQ,2366,492933,326150,15317,1848016
2018-10-11,MR,1765,367783,243344,11428,1378825
2018-10-11,MU,10515,2190452,1449316,68068,8212036
2018-10-11,NC,2188,455872,301628,14166,1709072
2018-10-11,NE,4493,935935,619263,29084,3508835
2018-10-11,PF,2241,466826,308876,14506,1750139
2018-10-11,RE,9107,1897156,1255256,58954,7112466
2018-10-11,RW,693,144502,95610,4490,541742
2018-10-11,SN,36294,7560146,5002183,234931,28343092
2018-10-11,TD,1418,295486,195509,9182,1107783
2018-10-11,TG,4316,899148,594922,27941,3370918
2018-10-11,TN,7770,1618649,1070981,50299,6068337
2018-10-11,US,4914,1023659,677306,31810,3837713
2018-10-11,YT,861,179373,118682,5574,672472
2018-10-11,ZA,1075,224011,148217,6961,839820
2018-10-12,AO,2597,541040,357980,16812,2028368
2018-10-12,BE,4652,969162,641248,30116,3633405
2018-10-12,BF,18876,3931878,2601534,122183,14740666
2018-10-12,BI,1398,291378,192791,9054,1092382
2018-10-12,BJ,5835,1215447,804202,37770,4556728
2018-10-12,CA,4568,951545,629591,29569,3567355
2018-10-12,CD,21901,4562103,3018523,141767,17103389
2018-10-12,CF,2090,435425,288099,13530,1632414
2018-10-12,CG,8065,1679991,1111569,52205,6298312
2018-10-12,CH,732,152535,100925,4740,571858
2018-10-12,CI,48644,10132440,6704145,314866,37986657
2018-10-12,CM,44269,9221151,6101190,286547,34570222
2018-10-12,CN,666,138751,91805,4311,520182
2018-10-12,DE,1435,298955,197804,9290,1120787
2018-10-12,DJ,1471,306531,202817,9525,1149192
2018-10-12,DZ,17004,3542004,2343573,110067,13279022
2018-10-12,ES,1076,224284,148398,6969,840847
2018-10-12,FR,31863,6637082,4391436,206247,24882511
2018-10-12,GA,10388,2163797,1431680,67240,8112106
2018-10-12,GB,876,182568,120796,5673,684450
2018-10-12,GF,736,153357,101469,4765,574938
2018-10-12,GH,1004,209314,138493,6504,784722
2018-10-12,GN,15949,3322192,2198134,103237,12454944
2018-10-12,GP,2345,488461,323191,15178,1831247
2018-10-12,HT,10061,2095699,1386623,65123,7856806
2018-10-12,IT,2964,617536,408594,19189,2315153
2018-10-12,KM,2135,444827,294320,13823,1667663
2018-10-12,MA,5416,1128271,746522,35061,4229903
2018-10-12,MG,31717,6606593,4371263,205300,24768207
2018-10-12,ML,17646,3675644,2431996,114220,13780040
2018-10-12,MQ,2367,493116,326271,15323,1848700
2018-10-12,MR,1766,368057,243525,11437,1379852
2018-10-12,MU,10530,2193373,1451249,68159,8222987
2018-10-12,NC,2192,456602,302112,14188,1711810
2018-10-12,NE,4501,937669,620410,29138,3515337
2018-10-12,PF,2243,467374,309239,14523,1752193
2018-10-12,RE,9114,1898434,1256102,58993,7117257
2018-10-12,RW,696,145050,95972,4507,543795
2018-10-12,SN,36348,7571283,5009552,235278,28384844
2018-10-12,TD,1420,295942,195811,9196,1109494
2018-10-12,TG,4323,900608,595889,27986,3376394
2018-10-12,TN,7782,1621113,1072612,50376,6077577
2018-10-12,US,4927,1026398,679117,31895,3847980
2018-10-12,YT,862,179555,118803,5579,673157
2018-10-12,ZA,1080,225106,148942,6995,843927
2018-10-13,AO,2600,541679,358403,16832,2030764
2018-10-13,BE,4658,970349,642033,30153,3637854
2018-10-13,BF,18914,3939911,2606849,122432,14770782
2018-10-13,BI,1402,292109,193274,9077,1095120
2018-10-13,BJ,5843,1217273,805410,37826,4563573
2018-10-13,CA,4576,953370,630799,29626,3574200
2018-10-13,CD,21964,4575248,3027220,142176,17152670
2018-10-13,CF,2097,436885,289066,13576,1637889
2018-10-13,CG,8081,1683460,1113864,52313,6311317
2018-10-13,CH,732,152626,100985,4742,572200
2018-10-13,CI,48748,10154257,6718581,315544,38068448
2018-10-13,CM,44367,9241690,6114779,287186,34647223
2018-10-13,CN,666,138751,91805,4311,520182
2018-10-13,DE,1436,299320,198045,9301,1122156
2018-10-13,DJ,1474,307170,203240,9545,1151587
2018-10-13,DZ,17030,3547390,2347136,110235,13299214
2018-10-13,ES,1078,224741,148700,6983,842558
2018-10-13,FR,31905,6645936,4397295,206522,24915707
2018-10-13,GA,10412,2168818,1435002,67396,8130928
2018-10-13,GB,878,182933,121038,5684,685819
2018-10-13,GF,737,153539,101589,4771,575622
2018-10-13,GH,1005,209496,138613,6510,785406
2018-10-13,GN,15991,3331046,2203992,103512,12488140
2018-10-13,GP,2348,489100,323613,15198,1833642
2018-10-13,HT,10088,2101359,1390367,65299,7878024
2018-10-13,IT,2967,618175,409016,19209,2317549
2018-10-13,KM,2138,445374,294683,13840,1669716
2018-10-13,MA,5426,1130370,747911,35126,4237774
2018-10-13,MG,31763,6616269,4377665,205600,24804483
2018-10-13,ML,17676,3681942,2436163,114416,13803654
2018-10-13,MQ,2369,493572,326573,15337,1850411
2018-10-13,MR,1771,369061,244190,11468,1383616
2018-10-13,MU,10549,2197390,1453906,68284,8238045
2018-10-13,NC,2195,457333,302595,14211,1714548
2018-10-13,NE,4510,939495,621618,29194,3522181
2018-10-13,PF,2245,467648,309420,14532,1753219
2018-10-13,RE,9124,1900534,1257491,59059,7125129
2018-10-13,RW,698,145598,96335,4524,545849
2018-10-13,SN,36411,7584336,5018189,235683,28433782
2018-10-13,TD,1423,296581,196233,9216,1111889
2018-10-13,TG,4328,901521,596493,28014,3379816
2018-10-13,TN,7795,1623761,1074364,50458,6087502
2018-10-13,US,4936,1028315,680386,31954,3855167
2018-10-13,YT,862,179647,118863,5582,673499
2018-10-13,ZA,1082,225471,149183,7006,845296
2018-10-14,AO,2608,543414,359550,16886,2037266
2018-10-14,BE,4693,977743,646925,30383,3665574
2018-10-14,BF,18966,3950774,2614036,122770,14811507
2018-10-14,BI,1407,293204,193999,9111,1099227
2018-10-14,BJ,5858,1220376,807464,37923,4575208
2018-10-14,CA,4585,955196,632007,29682,3581044
2018-10-14,CD,22041,4591132,3037730,142669,17212217
2018-10-14,CF,2099,437250,289307,13587,1639258
2018-10-14,CG,8107,1688755,1117367,52478,6331166
2018-10-14,CH,733,152718,101046,4745,572542
2018-10-14,CI,48886,10183011,6737606,316437,38176249
2018-10-14,CM,44509,9271175,6134288,288102,34757762
2018-10-14,CN,666,138843,91865,4314,520524
2018-10-14,DE,1446,301328,199374,9363,1129685
2018-10-14,DJ,1482,308905,204387,9599,1158090
2018-10-14,DZ,17082,3558344,2354384,110575,13340281
2018-10-14,ES,1079,224923,148821,6989,843242
2018-10-14,FR,31987,6663006,4408589,207053,24979703
2018-10-14,GA,10444,2175664,1439532,67608,8156595
2018-10-14,GB,882,183846,121642,5713,689241
2018-10-14,GF,739,153996,101891,4785,577333
2018-10-14,GH,1014,211231,139761,6564,791909
2018-10-14,GN,16043,3341727,2211059,103844,12528180
2018-10-14,GP,2351,489830,324097,15221,1836380
2018-10-14,HT,10130,2110122,1396166,65572,7910878
2018-10-14,IT,2973,619271,409741,19243,2321655
2018-10-14,KM,2146,447109,295830,13893,1676219
2018-10-14,MA,5443,1133839,750206,35234,4250779
2018-10-14,MG,31843,6632974,4388718,206120,24867111
2018-10-14,ML,17717,3690614,2441901,114686,13836165
2018-10-14,MQ,2373,494485,327177,15366,1853834
2018-10-14,MR,1780,370795,245337,11522,1390118
2018-10-14,MU,10568,2201406,1456564,68408,8253103
2018-10-14,NC,2199,458246,303199,14240,1717970
2018-10-14,NE,4522,942051,623309,29274,3531764
2018-10-14,PF,2248,468287,309843,14552,1755615
2018-10-14,RE,9138,1903455,1259424,59149,7136080
2018-10-14,RW,700,145963,96576,4535,547218
2018-10-14,SN,36479,7598577,5027611,236126,28487169
2018-10-14,TD,1424,296764,196354,9221,1112574
2018-10-14,TG,4333,902708,597278,28051,3384265
2018-10-14,TN,7815,1627868,1077082,50586,6102902
2018-10-14,US,4951,1031418,682439,32051,3866802
2018-10-14,YT,865,180194,119226,5599,675552
2018-10-14,ZA,1086,226293,149727,7032,848376
2018-10-15,AO,2616,544965,360577,16934,2043084
2018-10-15,BE,4703,979751,648254,30445,3673103
2018-10-15,BF,19014,3960633,2620559,123076,14848467
2018-10-15,BI,1414,294573,194905,9153,1104360
2018-10-15,BJ,5877,1224210,810001,38042,4589582
2018-10-15,CA,4589,956018,632550,29708,3584124
2018-10-15,CD,22133,4610301,3050413,143265,17284084
2018-10-15,CF,2103,438254,289972,13618,1643023
2018-10-15,CG,8129,1693319,1120387,52620,6348277
2018-10-15,CH,733,152718,101046,4745,572542
2018-10-15,CI,49003,10207293,6753672,317192,38267281
2018-10-15,CM,44653,9301298,6154219,289038,34870696
2018-10-15,CN,665,138660,91744,4308,519840
2018-10-15,DE,1448,301785,199676,9377,1131396
2018-10-15,DJ,1485,309452,204750,9616,1160143
2018-10-15,DZ,17107,3563364,2357706,110731,13359103
2018-10-15,ES,1082,225380,149123,7003,844954
2018-10-15,FR,32044,6674873,4416441,207422,25024192
2018-10-15,GA,10464,2179772,1442249,67736,8171995
2018-10-15,GB,883,184119,121823,5721,690268
2018-10-15,GF,739,153996,101891,4785,577333
2018-10-15,GH,1018,212052,140305,6589,794989
2018-10-15,GN,16088,3351129,2217280,104136,12563430
2018-10-15,GP,2356,490925,324821,15255,1840487
2018-10-15,HT,10159,2116147,1400152,65759,7933465
2018-10-15,IT,2980,620731,410708,19289,2327131
2018-10-15,KM,2149,447839,296313,13916,1678956
2018-10-15,MA,5453,1136030,751656,35302,4258992
2018-10-15,MG,31908,6646484,4397657,206539,24917760
2018-10-15,ML,17747,3696822,2446008,114878,13859436
2018-10-15,MQ,2374,494668,327298,15371,1854518
2018-10-15,MR,1785,371891,246062,11556,1394225
2018-10-15,MU,10590,2206062,1459644,68553,8270556
2018-10-15,NC,2203,458976,303682,14262,1720708
2018-10-15,NE,4533,944242,624759,29342,3539977
2018-10-15,PF,2253,469382,310567,14586,1759722
2018-10-15,RE,9145,1905007,1260451,59198,7141898
2018-10-15,RW,702,146419,96878,4549,548929
2018-10-15,SN,36550,7613456,5037456,236588,28542952
2018-10-15,TD,1428,297586,196898,9247,1115654
2018-10-15,TG,4346,905446,599090,28136,3394531
2018-10-15,TN,7822,1629420,1078108,50634,6108720
2018-10-15,US,4963,1033883,684070,32127,3876042
2018-10-15,YT,866,180559,119467,5610,676921
2018-10-15,ZA,1088,226658,149968,7043,849745
2018-10-16,AO,2625,546974,361906,16997,2050613
2018-10-16,BE,4710,981121,649160,30488,3678236
2018-10-16,BF,19063,3970856,2627324,123394,14886797
2018-10-16,BI,1422,296308,196052,9207,1110863
2018-10-16,BJ,5891,1227223,811994,38136,4600875
2018-10-16,CA,4596,957478,633517,29753,3589600
2018-10-16,CD,22220,4628558,3062493,143832,17352529
2018-10-16,CF,2111,439897,291059,13669,1649183
2018-10-16,CG,8156,1698979,1124132,52795,6369495
2018-10-16,CH,735,153265,101408,4762,574596
2018-10-16,CI,49152,10238421,6774268,318159,38383980
2018-10-16,CM,44792,9330235,6173366,289937,34979181
2018-10-16,CN,666,138934,91926,4317,520866
2018-10-16,DE,1454,302971,200461,9414,1135845
2018-10-16,DJ,1489,310274,205293,9641,1163223
2018-10-16,DZ,17132,3568568,2361149,110893,13378610
2018-10-16,ES,1085,226110,149606,7026,847691
2018-10-16,FR,32101,6686740,4424293,207790,25068681
2018-10-16,GA,10497,2186618,1446779,67949,8197662
2018-10-16,GB,887,184850,122306,5744,693006
2018-10-16,GF,739,153996,101891,4785,577333
2018-10-16,GH,1020,212600,140667,6606,797042
2018-10-16,GN,16136,3361170,2223924,104448,12601074
2018-10-16,GP,2357,491017,324882,15258,1840829
2018-10-16,HT,10197,2124180,1405467,66009,7963580
2018-10-16,IT,2983,621553,411251,19314,2330211
2018-10-16,KM,2158,449574,297461,13970,1685459
2018-10-16,MA,5462,1137855,752864,35358,4265837
2018-10-16,MG,31972,6659720,4406415,206951,24967383
2018-10-16,ML,17782,3704124,2450840,115105,13886814
2018-10-16,MQ,2378,495398,327781,15394,1857256
2018-10-16,MR,1789,372804,246666,11584,1397647
2018-10-16,MU,10609,2209987,1462241,68675,8285272
2018-10-16,NC,2205,459341,303924,14274,1722077
2018-10-16,NE,4540,945702,625725,29387,3545453
2018-10-16,PF,2256,469930,310930,14603,1761775
2018-10-16,RE,9152,1906467,1261417,59243,7147373
2018-10-16,RW,704,146693,97059,4558,549955
2018-10-16,SN,36619,7627788,5046938,237033,28596681
2018-10-16,TD,1429,297768,197019,9253,1116338
2018-10-16,TG,4353,906815,599996,28179,3399665
2018-10-16,TN,7832,1631520,1079498,50699,6116591
2018-10-16,US,4976,1036530,685822,32210,3885967
2018-10-16,YT,869,181016,119769,5625,678632
2018-10-16,ZA,1090,227206,150331,7060,851798
