Date,CountryCode,NumberOfFans
2018-09-19,AO,5609
2018-09-19,BE,9856
2018-09-19,BF,41371
2018-09-19,BI,3037
2018-09-19,BJ,12917
2018-09-19,CA,10098
2018-09-19,CD,47524
2018-09-19,CF,4617
2018-09-19,CG,17707
2018-09-19,CH,1627
2018-09-19,CI,106846
2018-09-19,CM,97535
2018-09-19,CN,1471
2018-09-19,DE,3041
2018-09-19,DJ,3184
2018-09-19,DZ,37900
2018-09-19,ES,2414
2018-09-19,FR,69876
2018-09-19,GA,22770
2018-09-19,GB,1896
2018-09-19,GF,1631
2018-09-19,GH,2221
2018-09-19,GN,34873
2018-09-19,GP,5218
2018-09-19,HT,21921
2018-09-19,IT,6554
2018-09-19,KM,4606
2018-09-19,MA,12027
2018-09-19,MG,70417
2018-09-19,ML,39036
2018-09-19,MQ,5282
2018-09-19,MR,3877
2018-09-19,MU,23323
2018-09-19,NC,4834
2018-09-19,NE,9963
2018-09-19,PF,4965
2018-09-19,RE,20403
2018-09-19,RW,1510
2018-09-19,SN,80486
2018-09-19,TD,3181
2018-09-19,TG,9598
2018-09-19,TN,17278
2018-09-19,US,10814
2018-09-19,YT,1904
2018-09-19,ZA,2286
2018-09-20,AO,5622
2018-09-20,BE,9863
2018-09-20,BF,41431
2018-09-20,BI,3041
2018-09-20,BJ,12921
2018-09-20,CA,10113
2018-09-20,CD,47658
2018-09-20,CF,4628
2018-09-20,CG,17754
2018-09-20,CH,1627
2018-09-20,CI,107064
2018-09-20,CM,97704
2018-09-20,CN,1469
2018-09-20,DE,3057
2018-09-20,DJ,3191
2018-09-20,DZ,37959
2018-09-20,ES,2417
2018-09-20,FR,69990
2018-09-20,GA,22804
2018-09-20,GB,1899
2018-09-20,GF,1636
2018-09-20,GH,2226
2018-09-20,GN,34937
2018-09-20,GP,5220
2018-09-20,HT,21981
2018-09-20,IT,6566
2018-09-20,KM,4613
2018-09-20,MA,12035
2018-09-20,MG,70509
2018-09-20,ML,39073
2018-09-20,MQ,5288
2018-09-20,MR,3884
2018-09-20,MU,23370
2018-09-20,NC,4844
2018-09-20,NE,9980
2018-09-20,PF,4976
2018-09-20,RE,20410
2018-09-20,RW,1516
2018-09-20,SN,80600
2018-09-20,TD,3186
2018-09-20,TG,9620
2018-09-20,TN,17297
2018-09-20,US,10829
2018-09-20,YT,1912
2018-09-20,ZA,2291
2018-09-21,AO,5631
2018-09-21,BE,9882
2018-09-21,BF,41483
2018-09-21,BI,3046
2018-09-21,BJ,12932
2018-09-21,CA,10134
2018-09-21,CD,47762
2018-09-21,CF,4636
2018-09-21,CG,17776
2018-09-21,CH,1632
2018-09-21,CI,107295
2018-09-21,CM,97878
2018-09-21,CN,1469
2018-09-21,DE,3063
2018-09-21,DJ,3201
2018-09-21,DZ,37995
2018-09-21,ES,2419
2018-09-21,FR,70094
2018-09-21,GA,22830
2018-09-21,GB,1908
2018-09-21,GF,1638
2018-09-21,GH,2231
2018-09-21,GN,35010
2018-09-21,GP,5229
2018-09-21,HT,22029
2018-09-21,IT,6576
2018-09-21,KM,4618
2018-09-21,MA,12052
2018-09-21,MG,70604
2018-09-21,ML,39123
2018-09-21,MQ,5292
2018-09-21,MR,3891
2018-09-21,MU,23407
2018-09-21,NC,4847
2018-09-21,NE,9999
2018-09-21,PF,4985
2018-09-21,RE,20431
2018-09-21,RW,1520
2018-09-21,SN,80719
2018-09-21,TD,3190
2018-09-21,TG,9634
2018-09-21,TN,17302
2018-09-21,US,10832
2018-09-21,YT,1914
2018-09-21,ZA,2301
2018-09-22,AO,5648
2018-09-22,BE,9905
2018-09-22,BF,41562
2018-09-22,BI,3052
2018-09-22,BJ,12937
2018-09-22,CA,10147
2018-09-22,CD,47842
2018-09-22,CF,4647
2018-09-22,CG,17806
2018-09-22,CH,1635
2018-09-22,CI,107454
2018-09-22,CM,98019
2018-09-22,CN,1469
2018-09-22,DE,3065
2018-09-22,DJ,3208
2018-09-22,DZ,38022
2018-09-22,ES,2423
2018-09-22,FR,70243
2018-09-22,GA,22864
2018-09-22,GB,1911
2018-09-22,GF,1640
2018-09-22,GH,2237
2018-09-22,GN,35064
2018-09-22,GP,5226
2018-09-22,HT,22069
2018-09-22,IT,6579
2018-09-22,KM,4629
2018-09-22,MA,12071
2018-09-22,MG,70666
2018-09-22,ML,39160
2018-09-22,MQ,5293
2018-09-22,MR,3902
2018-09-22,MU,23445
2018-09-22,NC,4850
2018-09-22,NE,10013
2018-09-22,PF,4992
2018-09-22,RE,20451
2018-09-22,RW,1526
2018-09-22,SN,80830
2018-09-22,TD,3192
2018-09-22,TG,9645
2018-09-22,TN,17322
2018-09-22,US,10841
2018-09-22,YT,1917
2018-09-22,ZA,2306
2018-09-23,AO,5658
2018-09-23,BE,9919
2018-09-23,BF,41617
2018-09-23,BI,3053
2018-09-23,BJ,12945
2018-09-23,CA,10157
2018-09-23,CD,47917
2018-09-23,CF,4656
2018-09-23,CG,17831
2018-09-23,CH,1637
2018-09-23,CI,107630
2018-09-23,CM,98137
2018-09-23,CN,1470
2018-09-23,DE,3069
2018-09-23,DJ,3212
2018-09-23,DZ,38071
2018-09-23,ES,2427
2018-09-23,FR,70345
2018-09-23,GA,22908
2018-09-23,GB,1915
2018-09-23,GF,1644
2018-09-23,GH,2237
2018-09-23,GN,35139
2018-09-23,GP,5230
2018-09-23,HT,22111
2018-09-23,IT,6584
2018-09-23,KM,4643
2018-09-23,MA,12084
2018-09-23,MG,70762
2018-09-23,ML,39228
2018-09-23,MQ,5296
2018-09-23,MR,3908
2018-09-23,MU,23478
2018-09-23,NC,4855
2018-09-23,NE,10025
2018-09-23,PF,5004
2018-09-23,RE,20465
2018-09-23,RW,1528
2018-09-23,SN,80940
2018-09-23,TD,3197
2018-09-23,TG,9651
2018-09-23,TN,17349
2018-09-23,US,10855
2018-09-23,YT,1923
2018-09-23,ZA,2315
2018-09-24,AO,5672
2018-09-24,BE,9930
2018-09-24,BF,41687
2018-09-24,BI,3058
2018-09-24,BJ,12967
2018-09-24,CA,10171
2018-09-24,CD,48015
2018-09-24,CF,4668
2018-09-24,CG,17865
2018-09-24,CH,1638
2018-09-24,CI,107794
2018-09-24,CM,98283
2018-09-24,CN,1470
2018-09-24,DE,3075
2018-09-24,DJ,3212
2018-09-24,DZ,38103
2018-09-24,ES,2430
2018-09-24,FR,70430
2018-09-24,GA,22949
2018-09-24,GB,1917
2018-09-24,GF,1643
2018-09-24,GH,2238
2018-09-24,GN,35214
2018-09-24,GP,5237
2018-09-24,HT,22154
2018-09-24,IT,6591
2018-09-24,KM,4654
2018-09-24,MA,12093
2018-09-24,MG,70842
2018-09-24,ML,39291
2018-09-24,MQ,5308
2018-09-24,MR,3921
2018-09-24,MU,23513
2018-09-24,NC,4864
2018-09-24,NE,10038
2018-09-24,PF,5014
2018-09-24,RE,20481
2018-09-24,RW,1531
2018-09-24,SN,81061
2018-09-24,TD,3199
2018-09-24,TG,9664
2018-09-24,TN,17372
2018-09-24,US,10874
2018-09-24,YT,1927
2018-09-24,ZA,2320
2018-09-25,AO,5691
2018-09-25,BE,9952
2018-09-25,BF,41776
2018-09-25,BI,3069
2018-09-25,BJ,12983
2018-09-25,CA,10197
2018-09-25,CD,48098
2018-09-25,CF,4669
2018-09-25,CG,17883
2018-09-25,CH,1637
2018-09-25,CI,107962
2018-09-25,CM,98404
2018-09-25,CN,1470
2018-09-25,DE,3082
2018-09-25,DJ,3222
2018-09-25,DZ,38125
2018-09-25,ES,2428
2018-09-25,FR,70644
2018-09-25,GA,22992
2018-09-25,GB,1923
2018-09-25,GF,1643
2018-09-25,GH,2244
2018-09-25,GN,35259
2018-09-25,GP,5249
2018-09-25,HT,22190
2018-09-25,IT,6605
2018-09-25,KM,4664
2018-09-25,MA,12119
2018-09-25,MG,70909
2018-09-25,ML,39319
2018-09-25,MQ,5310
2018-09-25,MR,3925
2018-09-25,MU,23558
2018-09-25,NC,4873
2018-09-25,NE,10053
2018-09-25,PF,5013
2018-09-25,RE,20494
2018-09-25,RW,1527
2018-09-25,SN,81182
2018-09-25,TD,3197
2018-09-25,TG,9679
2018-09-25,TN,17390
2018-09-25,US,10904
2018-09-25,YT,1921
2018-09-25,ZA,2332
2018-09-26,AO,5696
2018-09-26,BE,9972
2018-09-26,BF,41829
2018-09-26,BI,3075
2018-09-26,BJ,12997
2018-09-26,CA,10218
2018-09-26,CD,48200
2018-09-26,CF,4667
2018-09-26,CG,17900
2018-09-26,CH,1643
2018-09-26,CI,108126
2018-09-26,CM,98544
2018-09-26,CN,1470
2018-09-26,DE,3085
2018-09-26,DJ,3228
2018-09-26,DZ,38167
2018-09-26,ES,2428
2018-09-26,FR,70776
2018-09-26,GA,23029
2018-09-26,GB,1928
2018-09-26,GF,1644
2018-09-26,GH,2244
2018-09-26,GN,35318
2018-09-26,GP,5260
2018-09-26,HT,22234
2018-09-26,IT,6612
2018-09-26,KM,4673
2018-09-26,MA,12133
2018-09-26,MG,70997
2018-09-26,ML,39379
2018-09-26,MQ,5314
2018-09-26,MR,3941
2018-09-26,MU,23592
2018-09-26,NC,4877
2018-09-26,NE,10066
2018-09-26,PF,5015
2018-09-26,RE,20508
2018-09-26,RW,1527
2018-09-26,SN,81272
2018-09-26,TD,3197
2018-09-26,TG,9688
2018-09-26,TN,17403
2018-09-26,US,10924
2018-09-26,YT,1919
2018-09-26,ZA,2344
2018-09-27,AO,5705
2018-09-27,BE,9982
2018-09-27,BF,41885
2018-09-27,BI,3084
2018-09-27,BJ,13014
2018-09-27,CA,10227
2018-09-27,CD,48297
2018-09-27,CF,4678
2018-09-27,CG,17926
2018-09-27,CH,1642
2018-09-27,CI,108310
2018-09-27,CM,98703
2018-09-27,CN,1473
2018-09-27,DE,3085
2018-09-27,DJ,3232
2018-09-27,DZ,38214
2018-09-27,ES,2435
2018-09-27,FR,70857
2018-09-27,GA,23072
2018-09-27,GB,1930
2018-09-27,GF,1646
2018-09-27,GH,2247
2018-09-27,GN,35399
2018-09-27,GP,5268
2018-09-27,HT,22280
2018-09-27,IT,6619
2018-09-27,KM,4688
2018-09-27,MA,12134
2018-09-27,MG,71081
2018-09-27,ML,39432
2018-09-27,MQ,5328
2018-09-27,MR,3946
2018-09-27,MU,23627
2018-09-27,NC,4893
2018-09-27,NE,10079
2018-09-27,PF,5024
2018-09-27,RE,20517
2018-09-27,RW,1530
2018-09-27,SN,81383
2018-09-27,TD,3198
2018-09-27,TG,9695
2018-09-27,TN,17413
2018-09-27,US,10935
2018-09-27,YT,1923
2018-09-27,ZA,2352
2018-09-28,AO,5719
2018-09-28,BE,10003
2018-09-28,BF,41938
2018-09-28,BI,3091
2018-09-28,BJ,13025
2018-09-28,CA,10233
2018-09-28,CD,48391
2018-09-28,CF,4684
2018-09-28,CG,17956
2018-09-28,CH,1643
2018-09-28,CI,108454
2018-09-28,CM,98818
2018-09-28,CN,1475
2018-09-28,DE,3101
2018-09-28,DJ,3238
2018-09-28,DZ,38273
2018-09-28,ES,2433
2018-09-28,FR,70955
2018-09-28,GA,23114
2018-09-28,GB,1934
2018-09-28,GF,1647
2018-09-28,GH,2253
2018-09-28,GN,35463
2018-09-28,GP,5266
2018-09-28,HT,22313
2018-09-28,IT,6628
2018-09-28,KM,4692
2018-09-28,MA,12159
2018-09-28,MG,71136
2018-09-28,ML,39481
2018-09-28,MQ,5328
2018-09-28,MR,3952
2018-09-28,MU,23658
2018-09-28,NC,4902
2018-09-28,NE,10087
2018-09-28,PF,5040
2018-09-28,RE,20535
2018-09-28,RW,1532
2018-09-28,SN,81487
2018-09-28,TD,3204
2018-09-28,TG,9699
2018-09-28,TN,17420
2018-09-28,US,10957
2018-09-28,YT,1927
2018-09-28,ZA,2359
2018-09-29,AO,5732
2018-09-29,BE,10009
2018-09-29,BF,42000
2018-09-29,BI,3097
2018-09-29,BJ,13045
2018-09-29,CA,10249
2018-09-29,CD,48490
2018-09-29,CF,4692
2018-09-29,CG,17983
2018-09-29,CH,1646
2018-09-29,CI,108596
2018-09-29,CM,98964
2018-09-29,CN,1477
2018-09-29,DE,3103
2018-09-29,DJ,3243
2018-09-29,DZ,38323
2018-09-29,ES,2435
2018-09-29,FR,71024
2018-09-29,GA,23151
2018-09-29,GB,1935
2018-09-29,GF,1650
2018-09-29,GH,2257
2018-09-29,GN,35547
2018-09-29,GP,5270
2018-09-29,HT,22351
2018-09-29,IT,6637
2018-09-29,KM,4714
2018-09-29,MA,12168
2018-09-29,MG,71226
2018-09-29,ML,39546
2018-09-29,MQ,5334
2018-09-29,MR,3963
2018-09-29,MU,23673
2018-09-29,NC,4907
2018-09-29,NE,10101
2018-09-29,PF,5046
2018-09-29,RE,20552
2018-09-29,RW,1535
2018-09-29,SN,81600
2018-09-29,TD,3205
2018-09-29,TG,9706
2018-09-29,TN,17447
2018-09-29,US,10969
2018-09-29,YT,1933
2018-09-29,ZA,2364
2018-09-30,AO,5751
2018-09-30,BE,10031
2018-09-30,BF,42067
2018-09-30,BI,3100
2018-09-30,BJ,13067
2018-09-30,CA,10263
2018-09-30,CD,48577
2018-09-30,CF,4699
2018-09-30,CG,18014
2018-09-30,CH,1644
2018-09-30,CI,108739
2018-09-30,CM,99111
2018-09-30,CN,1482
2018-09-30,DE,3113
2018-09-30,DJ,3246
2018-09-30,DZ,38355
2018-09-30,ES,2437
2018-09-30,FR,71154
2018-09-30,GA,23195
2018-09-30,GB,1943
2018-09-30,GF,1646
2018-09-30,GH,2262
2018-09-30,GN,35605
2018-09-30,GP,5279
2018-09-30,HT,22380
2018-09-30,IT,6640
2018-09-30,KM,4726
2018-09-30,MA,12177
2018-09-30,MG,71290
2018-09-30,ML,39582
2018-09-30,MQ,5337
2018-09-30,MR,3970
2018-09-30,MU,23687
2018-09-30,NC,4907
2018-09-30,NE,10119
2018-09-30,PF,5056
2018-09-30,RE,20588
2018-09-30,RW,1538
2018-09-30,SN,81703
2018-09-30,TD,3212
2018-09-30,TG,9721
2018-09-30,TN,17456
2018-09-30,US,10984
2018-09-30,YT,1931
2018-09-30,ZA,2370
2018-10-01,AO,5760
2018-10-01,BE,10033
2018-10-01,BF,42130
2018-10-01,BI,3105
2018-10-01,BJ,13088
2018-10-01,CA,10276
2018-10-01,CD,48673
2018-10-01,CF,4703
2018-10-01,CG,18043
2018-10-01,CH,1645
2018-10-01,CI,108899
2018-10-01,CM,99259
2018-10-01,CN,1482
2018-10-01,DE,3117
2018-10-01,DJ,3250
2018-10-01,DZ,38403
2018-10-01,ES,2438
2018-10-01,FR,71212
2018-10-01,GA,23238
2018-10-01,GB,1945
2018-10-01,GF,1650
2018-10-01,GH,2266
2018-10-01,GN,35663
2018-10-01,GP,5291
2018-10-01,HT,22414
2018-10-01,IT,6648
2018-10-01,KM,4741
2018-10-01,MA,12190
2018-10-01,MG,71373
2018-10-01,ML,39635
2018-10-01,MQ,5345
2018-10-01,MR,3972
2018-10-01,MU,23717
2018-10-01,NC,4912
2018-10-01,NE,10128
2018-10-01,PF,5062
2018-10-01,RE,20603
2018-10-01,RW,1539
2018-10-01,SN,81789
2018-10-01,TD,3216
2018-10-01,TG,9732
2018-10-01,TN,17466
2018-10-01,US,11000
2018-10-01,YT,1932
2018-10-01,ZA,2374
2018-10-02,AO,5771
2018-10-02,BE,10056
2018-10-02,BF,42210
2018-10-02,BI,3114
2018-10-02,BJ,13108
2018-10-02,CA,10285
2018-10-02,CD,48801
2018-10-02,CF,4710
2018-10-02,CG,18059
2018-10-02,CH,1649
2018-10-02,CI,109074
2018-10-02,CM,99450
2018-10-02,CN,1486
2018-10-02,DE,3120
2018-10-02,DJ,3251
2018-10-02,DZ,38432
2018-10-02,ES,2440
2018-10-02,FR,71302
2018-10-02,GA,23279
2018-10-02,GB,1951
2018-10-02,GF,1652
2018-10-02,GH,2264
2018-10-02,GN,35703
2018-10-02,GP,5298
2018-10-02,HT,22444
2018-10-02,IT,6648
2018-10-02,KM,4752
2018-10-02,MA,12197
2018-10-02,MG,71455
2018-10-02,ML,39683
2018-10-02,MQ,5346
2018-10-02,MR,3978
2018-10-02,MU,23727
2018-10-02,NC,4919
2018-10-02,NE,10139
2018-10-02,PF,5070
2018-10-02,RE,20615
2018-10-02,RW,1544
2018-10-02,SN,81890
2018-10-02,TD,3221
2018-10-02,TG,9738
2018-10-02,TN,17487
2018-10-02,US,11012
2018-10-02,YT,1935
2018-10-02,ZA,2382
2018-10-03,AO,5789
2018-10-03,BE,10166
2018-10-03,BF,42306
2018-10-03,BI,3123
2018-10-03,BJ,13117
2018-10-03,CA,10305
2018-10-03,CD,48882
2018-10-03,CF,4715
2018-10-03,CG,18085
2018-10-03,CH,1658
2018-10-03,CI,109245
2018-10-03,CM,99572
2018-10-03,CN,1493
2018-10-03,DE,3156
2018-10-03,DJ,3265
2018-10-03,DZ,38443
2018-10-03,ES,2430
2018-10-03,FR,71553
2018-10-03,GA,23322
2018-10-03,GB,1965
2018-10-03,GF,1657
2018-10-03,GH,2267
2018-10-03,GN,35721
2018-10-03,GP,5312
2018-10-03,HT,22472
2018-10-03,IT,6663
2018-10-03,KM,4759
2018-10-03,MA,12200
2018-10-03,MG,71526
2018-10-03,ML,39715
2018-10-03,MQ,5347
2018-10-03,MR,3986
2018-10-03,MU,23747
2018-10-03,NC,4918
2018-10-03,NE,10155
2018-10-03,PF,5072
2018-10-03,RE,20649
2018-10-03,RW,1543
2018-10-03,SN,81954
2018-10-03,TD,3220
2018-10-03,TG,9747
2018-10-03,TN,17506
2018-10-03,US,11044
2018-10-03,YT,1939
2018-10-03,ZA,2392
2018-10-04,AO,5800
2018-10-04,BE,10175
2018-10-04,BF,42379
2018-10-04,BI,3130
2018-10-04,BJ,13135
2018-10-04,CA,10318
2018-10-04,CD,48987
2018-10-04,CF,4724
2018-10-04,CG,18122
2018-10-04,CH,1658
2018-10-04,CI,109420
2018-10-04,CM,99727
2018-10-04,CN,1498
2018-10-04,DE,3159
2018-10-04,DJ,3271
2018-10-04,DZ,38468
2018-10-04,ES,2430
2018-10-04,FR,71629
2018-10-04,GA,23353
2018-10-04,GB,1968
2018-10-04,GF,1661
2018-10-04,GH,2270
2018-10-04,GN,35773
2018-10-04,GP,5319
2018-10-04,HT,22503
2018-10-04,IT,6672
2018-10-04,KM,4770
2018-10-04,MA,12214
2018-10-04,MG,71591
2018-10-04,ML,39761
2018-10-04,MQ,5353
2018-10-04,MR,3991
2018-10-04,MU,23776
2018-10-04,NC,4925
2018-10-04,NE,10169
2018-10-04,PF,5073
2018-10-04,RE,20667
2018-10-04,RW,1547
2018-10-04,SN,82058
2018-10-04,TD,3224
2018-10-04,TG,9761
2018-10-04,TN,17519
2018-10-04,US,11056
2018-10-04,YT,1940
2018-10-04,ZA,2395
2018-10-05,AO,5809
2018-10-05,BE,10187
2018-10-05,BF,42458
2018-10-05,BI,3137
2018-10-05,BJ,13155
2018-10-05,CA,10325
2018-10-05,CD,49127
2018-10-05,CF,4730
2018-10-05,CG,18157
2018-10-05,CH,1660
2018-10-05,CI,109574
2018-10-05,CM,99872
2018-10-05,CN,1499
2018-10-05,DE,3164
2018-10-05,DJ,3283
2018-10-05,DZ,38513
2018-10-05,ES,2436
2018-10-05,FR,71712
2018-10-05,GA,23386
2018-10-05,GB,1974
2018-10-05,GF,1664
2018-10-05,GH,2269
2018-10-05,GN,35836
2018-10-05,GP,5323
2018-10-05,HT,22569
2018-10-05,IT,6679
2018-10-05,KM,4785
2018-10-05,MA,12228
2018-10-05,MG,71653
2018-10-05,ML,39828
2018-10-05,MQ,5365
2018-10-05,MR,3994
2018-10-05,MU,23803
2018-10-05,NC,4935
2018-10-05,NE,10182
2018-10-05,PF,5079
2018-10-05,RE,20678
2018-10-05,RW,1550
2018-10-05,SN,82141
2018-10-05,TD,3227
2018-10-05,TG,9771
2018-10-05,TN,17528
2018-10-05,US,11070
2018-10-05,YT,1944
2018-10-05,ZA,2406
2018-10-06,AO,5817
2018-10-06,BE,10198
2018-10-06,BF,42537
2018-10-06,BI,3146
2018-10-06,BJ,13180
2018-10-06,CA,10329
2018-10-06,CD,49238
2018-10-06,CF,4733
2018-10-06,CG,18196
2018-10-06,CH,1662
2018-10-06,CI,109728
2018-10-06,CM,100012
2018-10-06,CN,1501
2018-10-06,DE,3166
2018-10-06,DJ,3287
2018-10-06,DZ,38533
2018-10-06,ES,2439
2018-10-06,FR,71787
2018-10-06,GA,23420
2018-10-06,GB,1976
2018-10-06,GF,1664
2018-10-06,GH,2273
2018-10-06,GN,35895
2018-10-06,GP,5326
2018-10-06,HT,22626
2018-10-06,IT,6685
2018-10-06,KM,4797
2018-10-06,MA,12239
2018-10-06,MG,71711
2018-10-06,ML,39877
2018-10-06,MQ,5367
2018-10-06,MR,4004
2018-10-06,MU,23827
2018-10-06,NC,4941
2018-10-06,NE,10200
2018-10-06,PF,5082
2018-10-06,RE,20693
2018-10-06,RW,1551
2018-10-06,SN,82225
2018-10-06,TD,3229
2018-10-06,TG,9784
2018-10-06,TN,17547
2018-10-06,US,11085
2018-10-06,YT,1946
2018-10-06,ZA,2408
2018-10-07,AO,5833
2018-10-07,BE,10245
2018-10-07,BF,42586
2018-10-07,BI,3152
2018-10-07,BJ,13200
2018-10-07,CA,10355
2018-10-07,CD,49365
2018-10-07,CF,4735
2018-10-07,CG,18236
2018-10-07,CH,1663
2018-10-07,CI,109914
2018-10-07,CM,100210
2018-10-07,CN,1506
2018-10-07,DE,3172
2018-10-07,DJ,3299
2018-10-07,DZ,38557
2018-10-07,ES,2444
2018-10-07,FR,71961
2018-10-07,GA,23460
2018-10-07,GB,1977
2018-10-07,GF,1664
2018-10-07,GH,2277
2018-10-07,GN,35963
2018-10-07,GP,5327
2018-10-07,HT,22656
2018-10-07,IT,6696
2018-10-07,KM,4806
2018-10-07,MA,12255
2018-10-07,MG,71806
2018-10-07,ML,39941
2018-10-07,MQ,5371
2018-10-07,MR,4008
2018-10-07,MU,23839
2018-10-07,NC,4948
2018-10-07,NE,10216
2018-10-07,PF,5088
2018-10-07,RE,20706
2018-10-07,RW,1558
2018-10-07,SN,82335
2018-10-07,TD,3233
2018-10-07,TG,9803
2018-10-07,TN,17577
2018-10-07,US,11112
2018-10-07,YT,1952
2018-10-07,ZA,2415
2018-10-08,AO,5850
2018-10-08,BE,10255
2018-10-08,BF,42664
2018-10-08,BI,3160
2018-10-08,BJ,13234
2018-10-08,CA,10368
2018-10-08,CD,49492
2018-10-08,CF,4743
2018-10-08,CG,18270
2018-10-08,CH,1664
2018-10-08,CI,110109
2018-10-08,CM,100398
2018-10-08,CN,1511
2018-10-08,DE,3177
2018-10-08,DJ,3312
2018-10-08,DZ,38588
2018-10-08,ES,2444
2018-10-08,FR,72040
2018-10-08,GA,23505
2018-10-08,GB,1981
2018-10-08,GF,1664
2018-10-08,GH,2283
2018-10-08,GN,36045
2018-10-08,GP,5335
2018-10-08,HT,22714
2018-10-08,IT,6707
2018-10-08,KM,4825
2018-10-08,MA,12263
2018-10-08,MG,71932
2018-10-08,ML,40017
2018-10-08,MQ,5381
2018-10-08,MR,4015
2018-10-08,MU,23884
2018-10-08,NC,4958
2018-10-08,NE,10233
2018-10-08,PF,5093
2018-10-08,RE,20728
2018-10-08,RW,1559
2018-10-08,SN,82469
2018-10-08,TD,3234
2018-10-08,TG,9820
2018-10-08,TN,17627
2018-10-08,US,11124
2018-10-08,YT,1955
2018-10-08,ZA,2422
2018-10-09,AO,5867
2018-10-09,BE,10352
2018-10-09,BF,42747
2018-10-09,BI,3166
2018-10-09,BJ,13252
2018-10-09,CA,10386
2018-10-09,CD,49595
2018-10-09,CF,4756
2018-10-09,CG,18304
2018-10-09,CH,1660
2018-10-09,CI,110277
2018-10-09,CM,100524
2018-10-09,CN,1513
2018-10-09,DE,3198
2018-10-09,DJ,3326
2018-10-09,DZ,38609
2018-10-09,ES,2445
2018-10-09,FR,72187
2018-10-09,GA,23556
2018-10-09,GB,1985
2018-10-09,GF,1667
2018-10-09,GH,2284
2018-10-09,GN,36145
2018-10-09,GP,5336
2018-10-09,HT,22774
2018-10-09,IT,6726
2018-10-09,KM,4838
2018-10-09,MA,12299
2018-10-09,MG,72028
2018-10-09,ML,40053
2018-10-09,MQ,5391
2018-10-09,MR,4017
2018-10-09,MU,23918
2018-10-09,NC,4969
2018-10-09,NE,10237
2018-10-09,PF,5098
2018-10-09,RE,20754
2018-10-09,RW,1564
2018-10-09,SN,82551
2018-10-09,TD,3233
2018-10-09,TG,9824
2018-10-09,TN,17676
2018-10-09,US,11145
2018-10-09,YT,1958
2018-10-09,ZA,2437
2018-10-10,AO,5887
2018-10-10,BE,10452
2018-10-10,BF,42843
2018-10-10,BI,3169
2018-10-10,BJ,13275
2018-10-10,CA,10398
2018-10-10,CD,49704
2018-10-10,CF,4756
2018-10-10,CG,18328
2018-10-10,CH,1661
2018-10-10,CI,110530
2018-10-10,CM,100662
2018-10-10,CN,1515
2018-10-10,DE,3230
2018-10-10,DJ,3336
2018-10-10,DZ,38672
2018-10-10,ES,2452
2018-10-10,FR,72381
2018-10-10,GA,23607
2018-10-10,GB,1989
2018-10-10,GF,1672
2018-10-10,GH,2286
2018-10-10,GN,36216
2018-10-10,GP,5349
2018-10-10,HT,22816
2018-10-10,IT,6742
2018-10-10,KM,4849
2018-10-10,MA,12307
2018-10-10,MG,72128
2018-10-10,ML,40116
2018-10-10,MQ,5392
2018-10-10,MR,4017
2018-10-10,MU,23959
2018-10-10,NC,4982
2018-10-10,NE,10242
2018-10-10,PF,5109
2018-10-10,RE,20768
2018-10-10,RW,1570
2018-10-10,SN,82663
2018-10-10,TD,3236
2018-10-10,TG,9833
2018-10-10,TN,17710
2018-10-10,US,11179
2018-10-10,YT,1966
2018-10-10,ZA,2448
2018-10-11,AO,5905
2018-10-11,BE,10562
2018-10-11,BF,42980
2018-10-11,BI,3183
2018-10-11,BJ,13289
2018-10-11,CA,10410
2018-10-11,CD,49832
2018-10-11,CF,4759
2018-10-11,CG,18359
2018-10-11,CH,1667
2018-10-11,CI,110785
2018-10-11,CM,100811
2018-10-11,CN,1516
2018-10-11,DE,3260
2018-10-11,DJ,3349
2018-10-11,DZ,38751
2018-10-11,ES,2456
2018-10-11,FR,72544
2018-10-11,GA,23653
2018-10-11,GB,2000
2018-10-11,GF,1678
2018-10-11,GH,2291
2018-10-11,GN,36304
2018-10-11,GP,5354
2018-10-11,HT,22894
2018-10-11,IT,6754
2018-10-11,KM,4854
2018-10-11,MA,12344
2018-10-11,MG,72243
2018-10-11,ML,40184
2018-10-11,MQ,5400
2018-10-11,MR,4029
2018-10-11,MU,23996
2018-10-11,NC,4994
2018-10-11,NE,10253
2018-10-11,PF,5114
2018-10-11,RE,20783
2018-10-11,RW,1583
2018-10-11,SN,82820
2018-10-11,TD,3237
2018-10-11,TG,9850
2018-10-11,TN,17732
2018-10-11,US,11214
2018-10-11,YT,1965
2018-10-11,ZA,2454
2018-10-12,AO,5927
2018-10-12,BE,10617
2018-10-12,BF,43073
2018-10-12,BI,3192
2018-10-12,BJ,13315
2018-10-12,CA,10424
2018-10-12,CD,49977
2018-10-12,CF,4770
2018-10-12,CG,18404
2018-10-12,CH,1671
2018-10-12,CI,110999
2018-10-12,CM,101016
2018-10-12,CN,1520
2018-10-12,DE,3275
2018-10-12,DJ,3358
2018-10-12,DZ,38802
2018-10-12,ES,2457
2018-10-12,FR,72708
2018-10-12,GA,23704
2018-10-12,GB,2000
2018-10-12,GF,1680
2018-10-12,GH,2293
2018-10-12,GN,36394
2018-10-12,GP,5351
2018-10-12,HT,22958
2018-10-12,IT,6765
2018-10-12,KM,4873
2018-10-12,MA,12360
2018-10-12,MG,72374
2018-10-12,ML,40266
2018-10-12,MQ,5402
2018-10-12,MR,4032
2018-10-12,MU,24028
2018-10-12,NC,5002
2018-10-12,NE,10272
2018-10-12,PF,5120
2018-10-12,RE,20797
2018-10-12,RW,1589
2018-10-12,SN,82942
2018-10-12,TD,3242
2018-10-12,TG,9866
2018-10-12,TN,17759
2018-10-12,US,11244
2018-10-12,YT,1967
2018-10-12,ZA,2466
2018-10-13,AO,5934
2018-10-13,BE,10630
2018-10-13,BF,43161
2018-10-13,BI,3200
2018-10-13,BJ,13335
2018-10-13,CA,10444
2018-10-13,CD,50121
2018-10-13,CF,4786
2018-10-13,CG,18442
2018-10-13,CH,1672
2018-10-13,CI,111238
2018-10-13,CM,101241
2018-10-13,CN,1520
2018-10-13,DE,3279
2018-10-13,DJ,3365
2018-10-13,DZ,38861
2018-10-13,ES,2462
2018-10-13,FR,72805
2018-10-13,GA,23759
2018-10-13,GB,2004
2018-10-13,GF,1682
2018-10-13,GH,2295
2018-10-13,GN,36491
2018-10-13,GP,5358
2018-10-13,HT,23020
2018-10-13,IT,6772
2018-10-13,KM,4879
2018-10-13,MA,12383
2018-10-13,MG,72480
2018-10-13,ML,40335
2018-10-13,MQ,5407
2018-10-13,MR,4043
2018-10-13,MU,24072
2018-10-13,NC,5010
2018-10-13,NE,10292
2018-10-13,PF,5123
2018-10-13,RE,20820
2018-10-13,RW,1595
2018-10-13,SN,83085
2018-10-13,TD,3249
2018-10-13,TG,9876
2018-10-13,TN,17788
2018-10-13,US,11265
2018-10-13,YT,1968
2018-10-13,ZA,2470
2018-10-14,AO,5953
2018-10-14,BE,10711
2018-10-14,BF,43280
2018-10-14,BI,3212
2018-10-14,BJ,13369
2018-10-14,CA,10464
2018-10-14,CD,50295
2018-10-14,CF,4790
2018-10-14,CG,18500
2018-10-14,CH,1673
2018-10-14,CI,111553
2018-10-14,CM,101564
2018-10-14,CN,1521
2018-10-14,DE,3301
2018-10-14,DJ,3384
2018-10-14,DZ,38981
2018-10-14,ES,2464
2018-10-14,FR,72992
2018-10-14,GA,23834
2018-10-14,GB,2014
2018-10-14,GF,1687
2018-10-14,GH,2314
2018-10-14,GN,36608
2018-10-14,GP,5366
2018-10-14,HT,23116
2018-10-14,IT,6784
2018-10-14,KM,4898
2018-10-14,MA,12421
2018-10-14,MG,72663
2018-10-14,ML,40430
2018-10-14,MQ,5417
2018-10-14,MR,4062
2018-10-14,MU,24116
2018-10-14,NC,5020
2018-10-14,NE,10320
2018-10-14,PF,5130
2018-10-14,RE,20852
2018-10-14,RW,1599
2018-10-14,SN,83241
2018-10-14,TD,3251
2018-10-14,TG,9889
2018-10-14,TN,17833
2018-10-14,US,11299
2018-10-14,YT,1974
2018-10-14,ZA,2479
2018-10-15,AO,5970
2018-10-15,BE,10733
2018-10-15,BF,43388
2018-10-15,BI,3227
2018-10-15,BJ,13411
2018-10-15,CA,10473
2018-10-15,CD,50505
2018-10-15,CF,4801
2018-10-15,CG,18550
2018-10-15,CH,1673
2018-10-15,CI,111819
2018-10-15,CM,101894
2018-10-15,CN,1519
2018-10-15,DE,3306
2018-10-15,DJ,3390
2018-10-15,DZ,39036
2018-10-15,ES,2469
2018-10-15,FR,73122
2018-10-15,GA,23879
2018-10-15,GB,2017
2018-10-15,GF,1687
2018-10-15,GH,2323
2018-10-15,GN,36711
2018-10-15,GP,5378
2018-10-15,HT,23182
2018-10-15,IT,6800
2018-10-15,KM,4906
2018-10-15,MA,12445
2018-10-15,MG,72811
2018-10-15,ML,40498
2018-10-15,MQ,5419
2018-10-15,MR,4074
2018-10-15,MU,24167
2018-10-15,NC,5028
2018-10-15,NE,10344
2018-10-15,PF,5142
2018-10-15,RE,20869
2018-10-15,RW,1604
2018-10-15,SN,83404
2018-10-15,TD,3260
2018-10-15,TG,9919
2018-10-15,TN,17850
2018-10-15,US,11326
2018-10-15,YT,1978
2018-10-15,ZA,2483
2018-10-16,AO,5992
2018-10-16,BE,10748
2018-10-16,BF,43500
2018-10-16,BI,3246
2018-10-16,BJ,13444
2018-10-16,CA,10489
2018-10-16,CD,50705
2018-10-16,CF,4819
2018-10-16,CG,18612
2018-10-16,CH,1679
2018-10-16,CI,112160
2018-10-16,CM,102211
2018-10-16,CN,1522
2018-10-16,DE,3319
2018-10-16,DJ,3399
2018-10-16,DZ,39093
2018-10-16,ES,2477
2018-10-16,FR,73252
2018-10-16,GA,23954
2018-10-16,GB,2025
2018-10-16,GF,1687
2018-10-16,GH,2329
2018-10-16,GN,36821
2018-10-16,GP,5379
2018-10-16,HT,23270
2018-10-16,IT,6809
2018-10-16,KM,4925
2018-10-16,MA,12465
2018-10-16,MG,72956
2018-10-16,ML,40578
2018-10-16,MQ,5427
2018-10-16,MR,4084
2018-10-16,MU,24210
2018-10-16,NC,5032
2018-10-16,NE,10360
2018-10-16,PF,5148
2018-10-16,RE,20885
2018-10-16,RW,1607
2018-10-16,SN,83561
2018-10-16,TD,3262
2018-10-16,TG,9934
2018-10-16,TN,17873
2018-10-16,US,11355
2018-10-16,YT,1983
2018-10-16,ZA,2489
