Date,Language,CountryCode,NumberOfFans
2018-09-19,af,ZA,17
2018-09-19,ar,AR,4456
2018-09-19,az,AZ,18
2018-09-19,bg,BG,20
2018-09-19,bn,IN,36
2018-09-19,ca,ES,16
2018-09-19,da,DK,38
2018-09-19,de,DE,1004
2018-09-19,el,GR,41
2018-09-19,en,GB,10000
2018-09-19,en,US,36982
2018-09-19,es,ES,1308
2018-09-19,es,LA,1879
2018-09-19,fa,IR,13
2018-09-19,ff,NG,250
2018-09-19,fi,FI,17
2018-09-19,fr,CA,11865
2018-09-19,fr,FR,850244
2018-09-19,ha,NG,50
2018-09-19,he,IL,36
2018-09-19,hi,IN,52
2018-09-19,ht,HT,290
2018-09-19,hu,HU,19
2018-09-19,id,ID,131
2018-09-19,it,IT,2709
2018-09-19,ja,JP,13
2018-09-19,mg,MG,532
2018-09-19,nb,NO,36
2018-09-19,nl,BE,58
2018-09-19,nl,NL,320
2018-09-19,pl,PL,40
2018-09-19,pt,BR,1459
2018-09-19,pt,PT,2650
2018-09-19,ro,RO,148
2018-09-19,ru,RU,109
2018-09-19,rw,RW,41
2018-09-19,so,SO,25
2018-09-19,sq,AL,21
2018-09-19,sv,SE,116
2018-09-19,sw,KE,148
2018-09-19,th,TH,55
2018-09-19,tr,TR,119
2018-09-19,tz,MA,30
2018-09-19,vi,VN,25
2018-09-19,zh,CN,41
2018-09-20,af,ZA,17
2018-09-20,ar,AR,4464
2018-09-20,az,AZ,20
2018-09-20,bg,BG,20
2018-09-20,bn,IN,36
2018-09-20,ca,ES,16
2018-09-20,da,DK,38
2018-09-20,de,DE,1013
2018-09-20,el,GR,41
2018-09-20,en,GB,10010
2018-09-20,en,US,37036
2018-09-20,es,ES,1310
2018-09-20,es,LA,1899
2018-09-20,ff,NG,252
2018-09-20,fi,FI,17
2018-09-20,fr,CA,11888
2018-09-20,fr,FR,851622
2018-09-20,ha,NG,49
2018-09-20,he,IL,35
2018-09-20,hi,IN,52
2018-09-20,ht,HT,293
2018-09-20,hu,HU,19
2018-09-20,id,ID,129
2018-09-20,it,IT,2712
2018-09-20,ja,JP,13
2018-09-20,mg,MG,531
2018-09-20,nb,NO,36
2018-09-20,nl,BE,58
2018-09-20,nl,NL,321
2018-09-20,pl,PL,40
2018-09-20,pt,BR,1464
2018-09-20,pt,PT,2655
2018-09-20,ro,RO,148
2018-09-20,ru,RU,109
2018-09-20,rw,RW,40
2018-09-20,so,SO,26
2018-09-20,sq,AL,21
2018-09-20,sv,SE,116
2018-09-20,sw,KE,149
2018-09-20,ta,IN,13
2018-09-20,th,TH,55
2018-09-20,tr,TR,118
2018-09-20,tz,MA,31
2018-09-20,vi,VN,25
2018-09-20,zh,CN,41
2018-09-21,af,ZA,17
2018-09-21,ar,AR,4475
2018-09-21,az,AZ,19
2018-09-21,bg,BG,20
2018-09-21,bn,IN,37
2018-09-21,ca,ES,16
2018-09-21,da,DK,38
2018-09-21,de,DE,1013
2018-09-21,el,GR,42
2018-09-21,en,GB,10024
2018-09-21,en,US,37110
2018-09-21,es,ES,1314
2018-09-21,es,LA,1892
2018-09-21,fa,IR,14
2018-09-21,ff,NG,252
2018-09-21,fi,FI,17
2018-09-21,fr,CA,11912
2018-09-21,fr,FR,852975
2018-09-21,ha,NG,49
2018-09-21,he,IL,35
2018-09-21,hi,IN,52
2018-09-21,ht,HT,292
2018-09-21,hu,HU,19
2018-09-21,id,ID,130
2018-09-21,it,IT,2712
2018-09-21,ja,JP,13
2018-09-21,mg,MG,538
2018-09-21,nb,NO,36
2018-09-21,nl,BE,58
2018-09-21,nl,NL,322
2018-09-21,pl,PL,41
2018-09-21,pt,BR,1471
2018-09-21,pt,PT,2661
2018-09-21,ro,RO,148
2018-09-21,ru,RU,109
2018-09-21,rw,RW,40
2018-09-21,so,SO,25
2018-09-21,sq,AL,21
2018-09-21,sv,SE,116
2018-09-21,sw,KE,148
2018-09-21,th,TH,55
2018-09-21,tr,TR,118
2018-09-21,tz,MA,31
2018-09-21,vi,VN,25
2018-09-21,zh,CN,41
2018-09-22,af,ZA,17
2018-09-22,ar,AR,4481
2018-09-22,az,AZ,21
2018-09-22,bg,BG,20
2018-09-22,bn,IN,37
2018-09-22,ca,ES,16
2018-09-22,da,DK,38
2018-09-22,de,DE,1020
2018-09-22,el,GR,42
2018-09-22,en,GB,10045
2018-09-22,en,US,37184
2018-09-22,es,ES,1315
2018-09-22,es,LA,1910
2018-09-22,fa,IR,14
2018-09-22,ff,NG,251
2018-09-22,fi,FI,17
2018-09-22,fr,CA,11921
2018-09-22,fr,FR,854147
2018-09-22,ha,NG,49
2018-09-22,he,IL,36
2018-09-22,hi,IN,53
2018-09-22,ht,HT,293
2018-09-22,hu,HU,19
2018-09-22,id,ID,132
2018-09-22,it,IT,2716
2018-09-22,ja,JP,13
2018-09-22,mg,MG,537
2018-09-22,nb,NO,36
2018-09-22,nl,BE,58
2018-09-22,nl,NL,322
2018-09-22,pl,PL,41
2018-09-22,pt,BR,1477
2018-09-22,pt,PT,2676
2018-09-22,ro,RO,149
2018-09-22,ru,RU,110
2018-09-22,rw,RW,40
2018-09-22,so,SO,25
2018-09-22,sq,AL,21
2018-09-22,sv,SE,117
2018-09-22,sw,KE,148
2018-09-22,th,TH,55
2018-09-22,tr,TR,119
2018-09-22,tz,MA,32
2018-09-22,vi,VN,25
2018-09-22,zh,CN,41
2018-09-23,af,ZA,17
2018-09-23,ar,AR,4491
2018-09-23,az,AZ,21
2018-09-23,bg,BG,20
2018-09-23,bn,IN,37
2018-09-23,ca,ES,16
2018-09-23,da,DK,38
2018-09-23,de,DE,1019
2018-09-23,el,GR,42
2018-09-23,en,GB,10064
2018-09-23,en,US,37257
2018-09-23,es,ES,1316
2018-09-23,es,LA,1908
2018-09-23,fa,IR,14
2018-09-23,ff,NG,258
2018-09-23,fi,FI,17
2018-09-23,fr,CA,11929
2018-09-23,fr,FR,855416
2018-09-23,ha,NG,49
2018-09-23,he,IL,36
2018-09-23,hi,IN,52
2018-09-23,ht,HT,296
2018-09-23,hu,HU,19
2018-09-23,id,ID,131
2018-09-23,it,IT,2718
2018-09-23,ja,JP,14
2018-09-23,mg,MG,545
2018-09-23,nb,NO,36
2018-09-23,nl,BE,59
2018-09-23,nl,NL,322
2018-09-23,pl,PL,41
2018-09-23,pt,BR,1483
2018-09-23,pt,PT,2685
2018-09-23,ro,RO,150
2018-09-23,ru,RU,110
2018-09-23,rw,RW,40
2018-09-23,so,SO,25
2018-09-23,sq,AL,21
2018-09-23,sv,SE,117
2018-09-23,sw,KE,148
2018-09-23,th,TH,55
2018-09-23,tr,TR,119
2018-09-23,tz,MA,31
2018-09-23,vi,VN,26
2018-09-23,zh,CN,40
2018-09-24,af,ZA,17
2018-09-24,ar,AR,4497
2018-09-24,az,AZ,20
2018-09-24,bg,BG,20
2018-09-24,bn,IN,36
2018-09-24,ca,ES,16
2018-09-24,da,DK,38
2018-09-24,de,DE,1023
2018-09-24,el,GR,42
2018-09-24,en,GB,10083
2018-09-24,en,US,37266
2018-09-24,es,ES,1315
2018-09-24,es,LA,1889
2018-09-24,fa,IR,14
2018-09-24,ff,NG,254
2018-09-24,fi,FI,17
2018-09-24,fr,CA,11955
2018-09-24,fr,FR,856843
2018-09-24,ha,NG,52
2018-09-24,he,IL,36
2018-09-24,hi,IN,52
2018-09-24,ht,HT,295
2018-09-24,hu,HU,19
2018-09-24,id,ID,129
2018-09-24,it,IT,2719
2018-09-24,ja,JP,14
2018-09-24,mg,MG,547
2018-09-24,nb,NO,36
2018-09-24,nl,BE,59
2018-09-24,nl,NL,322
2018-09-24,pl,PL,41
2018-09-24,pt,BR,1474
2018-09-24,pt,PT,2693
2018-09-24,ro,RO,150
2018-09-24,ru,RU,110
2018-09-24,rw,RW,41
2018-09-24,so,SO,25
2018-09-24,sq,AL,21
2018-09-24,sv,SE,116
2018-09-24,sw,KE,150
2018-09-24,th,TH,56
2018-09-24,tr,TR,119
2018-09-24,tz,MA,31
2018-09-24,vi,VN,27
2018-09-24,zh,CN,40
2018-09-25,af,ZA,17
2018-09-25,ar,AR,4513
2018-09-25,az,AZ,19
2018-09-25,bg,BG,20
2018-09-25,bn,IN,36
2018-09-25,ca,ES,16
2018-09-25,da,DK,38
2018-09-25,de,DE,1032
2018-09-25,el,GR,42
2018-09-25,en,GB,10101
2018-09-25,en,US,37373
2018-09-25,es,ES,1319
2018-09-25,es,LA,1906
2018-09-25,fa,IR,14
2018-09-25,ff,NG,258
2018-09-25,fi,FI,17
2018-09-25,fr,CA,11960
2018-09-25,fr,FR,858086
2018-09-25,ha,NG,50
2018-09-25,he,IL,36
2018-09-25,hi,IN,51
2018-09-25,ht,HT,296
2018-09-25,hu,HU,19
2018-09-25,id,ID,129
2018-09-25,it,IT,2719
2018-09-25,ja,JP,14
2018-09-25,mg,MG,556
2018-09-25,nb,NO,36
2018-09-25,nl,BE,59
2018-09-25,nl,NL,322
2018-09-25,pl,PL,41
2018-09-25,pt,BR,1494
2018-09-25,pt,PT,2691
2018-09-25,ro,RO,149
2018-09-25,ru,RU,111
2018-09-25,rw,RW,41
2018-09-25,so,SO,24
2018-09-25,sq,AL,21
2018-09-25,sv,SE,116
2018-09-25,sw,KE,149
2018-09-25,th,TH,56
2018-09-25,tr,TR,119
2018-09-25,tz,MA,31
2018-09-25,vi,VN,27
2018-09-25,zh,CN,40
2018-09-26,af,ZA,17
2018-09-26,ar,AR,4529
2018-09-26,az,AZ,20
2018-09-26,bg,BG,20
2018-09-26,bn,IN,36
2018-09-26,ca,ES,16
2018-09-26,da,DK,38
2018-09-26,de,DE,1034
2018-09-26,el,GR,42
2018-09-26,en,GB,10120
2018-09-26,en,US,37456
2018-09-26,es,ES,1322
2018-09-26,es,LA,1914
2018-09-26,fa,IR,14
2018-09-26,ff,NG,259
2018-09-26,fi,FI,17
2018-09-26,fr,CA,11970
2018-09-26,fr,FR,859303
2018-09-26,ha,NG,50
2018-09-26,he,IL,36
2018-09-26,hi,IN,51
2018-09-26,ht,HT,295
2018-09-26,hu,HU,19
2018-09-26,id,ID,130
2018-09-26,it,IT,2722
2018-09-26,ja,JP,14
2018-09-26,mg,MG,557
2018-09-26,nb,NO,36
2018-09-26,nl,BE,59
2018-09-26,nl,NL,322
2018-09-26,pl,PL,41
2018-09-26,pt,BR,1503
2018-09-26,pt,PT,2694
2018-09-26,ro,RO,150
2018-09-26,ru,RU,111
2018-09-26,rw,RW,41
2018-09-26,so,SO,24
2018-09-26,sq,AL,21
2018-09-26,sv,SE,116
2018-09-26,sw,KE,148
2018-09-26,th,TH,56
2018-09-26,tr,TR,119
2018-09-26,tz,MA,31
2018-09-26,vi,VN,27
2018-09-26,zh,CN,42
2018-09-27,af,ZA,17
2018-09-27,ar,AR,4536
2018-09-27,az,AZ,20
2018-09-27,bg,BG,20
2018-09-27,bn,IN,36
2018-09-27,ca,ES,16
2018-09-27,da,DK,38
2018-09-27,de,DE,1034
2018-09-27,el,GR,42
2018-09-27,en,GB,10138
2018-09-27,en,US,37524
2018-09-27,es,ES,1324
2018-09-27,es,LA,1918
2018-09-27,fa,IR,14
2018-09-27,ff,NG,259
2018-09-27,fi,FI,17
2018-09-27,fr,CA,11986
2018-09-27,fr,FR,860598
2018-09-27,ha,NG,50
2018-09-27,he,IL,36
2018-09-27,hi,IN,51
2018-09-27,ht,HT,295
2018-09-27,hu,HU,19
2018-09-27,id,ID,130
2018-09-27,it,IT,2725
2018-09-27,ja,JP,14
2018-09-27,mg,MG,559
2018-09-27,nb,NO,36
2018-09-27,nl,BE,59
2018-09-27,nl,NL,322
2018-09-27,pl,PL,41
2018-09-27,pt,BR,1509
2018-09-27,pt,PT,2698
2018-09-27,ro,RO,151
2018-09-27,ru,RU,111
2018-09-27,rw,RW,42
2018-09-27,so,SO,24
2018-09-27,sq,AL,21
2018-09-27,sv,SE,116
2018-09-27,sw,KE,148
2018-09-27,th,TH,56
2018-09-27,tr,TR,120
2018-09-27,tz,MA,31
2018-09-27,vi,VN,27
2018-09-27,zh,CN,43
2018-09-28,af,ZA,17
2018-09-28,ar,AR,4551
2018-09-28,az,AZ,20
2018-09-28,bg,BG,20
2018-09-28,bn,IN,36
2018-09-28,ca,ES,16
2018-09-28,da,DK,38
2018-09-28,de,DE,1045
2018-09-28,el,GR,42
2018-09-28,en,GB,10147
2018-09-28,en,US,37630
2018-09-28,es,ES,1327
2018-09-28,es,LA,1936
2018-09-28,fa,IR,14
2018-09-28,ff,NG,264
2018-09-28,fi,FI,17
2018-09-28,fr,CA,12000
2018-09-28,fr,FR,861695
2018-09-28,ha,NG,49
2018-09-28,he,IL,35
2018-09-28,hi,IN,52
2018-09-28,ht,HT,294
2018-09-28,hu,HU,19
2018-09-28,id,ID,129
2018-09-28,it,IT,2731
2018-09-28,ja,JP,14
2018-09-28,mg,MG,570
2018-09-28,nb,NO,36
2018-09-28,nl,BE,59
2018-09-28,nl,NL,323
2018-09-28,pl,PL,41
2018-09-28,pt,BR,1520
2018-09-28,pt,PT,2712
2018-09-28,ro,RO,151
2018-09-28,ru,RU,111
2018-09-28,rw,RW,43
2018-09-28,so,SO,23
2018-09-28,sq,AL,21
2018-09-28,sv,SE,115
2018-09-28,sw,KE,149
2018-09-28,th,TH,56
2018-09-28,tr,TR,120
2018-09-28,tz,MA,31
2018-09-28,vi,VN,27
2018-09-28,zh,CN,43
2018-09-29,af,ZA,17
2018-09-29,ar,AR,4558
2018-09-29,az,AZ,21
2018-09-29,bg,BG,20
2018-09-29,bn,IN,36
2018-09-29,ca,ES,16
2018-09-29,da,DK,38
2018-09-29,de,DE,1052
2018-09-29,el,GR,42
2018-09-29,en,GB,10168
2018-09-29,en,US,37706
2018-09-29,es,ES,1330
2018-09-29,es,LA,1940
2018-09-29,fa,IR,14
2018-09-29,ff,NG,264
2018-09-29,fi,FI,17
2018-09-29,fr,CA,12009
2018-09-29,fr,FR,862952
2018-09-29,ha,NG,49
2018-09-29,he,IL,35
2018-09-29,hi,IN,52
2018-09-29,ht,HT,295
2018-09-29,hu,HU,19
2018-09-29,id,ID,131
2018-09-29,it,IT,2737
2018-09-29,ja,JP,14
2018-09-29,mg,MG,568
2018-09-29,nb,NO,36
2018-09-29,nl,BE,59
2018-09-29,nl,NL,324
2018-09-29,pl,PL,41
2018-09-29,pt,BR,1535
2018-09-29,pt,PT,2716
2018-09-29,ro,RO,151
2018-09-29,ru,RU,112
2018-09-29,rw,RW,44
2018-09-29,so,SO,23
2018-09-29,sq,AL,22
2018-09-29,sv,SE,115
2018-09-29,sw,KE,150
2018-09-29,th,TH,56
2018-09-29,tr,TR,121
2018-09-29,tz,MA,32
2018-09-29,vi,VN,27
2018-09-29,zh,CN,43
2018-09-30,af,ZA,19
2018-09-30,ar,AR,4572
2018-09-30,az,AZ,21
2018-09-30,bg,BG,20
2018-09-30,bn,IN,36
2018-09-30,ca,ES,16
2018-09-30,da,DK,38
2018-09-30,de,DE,1055
2018-09-30,el,GR,42
2018-09-30,en,GB,10178
2018-09-30,en,US,37765
2018-09-30,es,ES,1335
2018-09-30,es,LA,1949
2018-09-30,fa,IR,14
2018-09-30,ff,NG,275
2018-09-30,fi,FI,17
2018-09-30,fr,CA,12021
2018-09-30,fr,FR,864154
2018-09-30,ha,NG,50
2018-09-30,he,IL,35
2018-09-30,hi,IN,51
2018-09-30,ht,HT,295
2018-09-30,hu,HU,19
2018-09-30,id,ID,131
2018-09-30,it,IT,2740
2018-09-30,ja,JP,14
2018-09-30,mg,MG,571
2018-09-30,nb,NO,36
2018-09-30,nl,BE,59
2018-09-30,nl,NL,325
2018-09-30,pl,PL,41
2018-09-30,pt,BR,1541
2018-09-30,pt,PT,2729
2018-09-30,ro,RO,151
2018-09-30,ru,RU,112
2018-09-30,rw,RW,43
2018-09-30,so,SO,23
2018-09-30,sq,AL,22
2018-09-30,sv,SE,116
2018-09-30,sw,KE,152
2018-09-30,th,TH,56
2018-09-30,tr,TR,121
2018-09-30,tz,MA,32
2018-09-30,vi,VN,27
2018-09-30,zh,CN,43
2018-10-01,af,ZA,19
2018-10-01,ar,AR,4583
2018-10-01,az,AZ,21
2018-10-01,bg,BG,20
2018-10-01,bn,IN,37
2018-10-01,ca,ES,16
2018-10-01,da,DK,38
2018-10-01,de,DE,1059
2018-10-01,el,GR,42
2018-10-01,en,GB,10195
2018-10-01,en,US,37819
2018-10-01,es,ES,1338
2018-10-01,es,LA,1950
2018-10-01,fa,IR,14
2018-10-01,ff,NG,275
2018-10-01,fi,FI,17
2018-10-01,fr,CA,12037
2018-10-01,fr,FR,865358
2018-10-01,ha,NG,50
2018-10-01,he,IL,35
2018-10-01,hi,IN,51
2018-10-01,ht,HT,296
2018-10-01,hu,HU,19
2018-10-01,id,ID,131
2018-10-01,it,IT,2743
2018-10-01,ja,JP,14
2018-10-01,mg,MG,571
2018-10-01,nb,NO,36
2018-10-01,nl,BE,59
2018-10-01,nl,NL,325
2018-10-01,pl,PL,41
2018-10-01,pt,BR,1542
2018-10-01,pt,PT,2733
2018-10-01,ro,RO,151
2018-10-01,ru,RU,112
2018-10-01,rw,RW,43
2018-10-01,so,SO,23
2018-10-01,sq,AL,22
2018-10-01,sv,SE,116
2018-10-01,sw,KE,153
2018-10-01,th,TH,56
2018-10-01,tr,TR,121
2018-10-01,tz,MA,32
2018-10-01,vi,VN,27
2018-10-01,zh,CN,43
2018-10-02,af,ZA,18
2018-10-02,ar,AR,4599
2018-10-02,az,AZ,21
2018-10-02,bg,BG,20
2018-10-02,bn,IN,37
2018-10-02,ca,ES,16
2018-10-02,da,DK,38
2018-10-02,de,DE,1057
2018-10-02,el,GR,42
2018-10-02,en,GB,10206
2018-10-02,en,US,37886
2018-10-02,es,ES,1339
2018-10-02,es,LA,1961
2018-10-02,fa,IR,14
2018-10-02,ff,NG,276
2018-10-02,fi,FI,17
2018-10-02,fr,CA,12045
2018-10-02,fr,FR,866610
2018-10-02,ha,NG,50
2018-10-02,he,IL,35
2018-10-02,hi,IN,52
2018-10-02,ht,HT,295
2018-10-02,hu,HU,19
2018-10-02,id,ID,134
2018-10-02,it,IT,2744
2018-10-02,ja,JP,15
2018-10-02,mg,MG,579
2018-10-02,nb,NO,36
2018-10-02,nl,BE,59
2018-10-02,nl,NL,325
2018-10-02,pl,PL,41
2018-10-02,pt,BR,1552
2018-10-02,pt,PT,2737
2018-10-02,ro,RO,151
2018-10-02,ru,RU,112
2018-10-02,rw,RW,44
2018-10-02,so,SO,23
2018-10-02,sq,AL,22
2018-10-02,sv,SE,116
2018-10-02,sw,KE,157
2018-10-02,th,TH,56
2018-10-02,tr,TR,121
2018-10-02,tz,MA,32
2018-10-02,vi,VN,27
2018-10-02,zh,CN,44
2018-10-03,af,ZA,18
2018-10-03,ar,AR,4603
2018-10-03,az,AZ,21
2018-10-03,bg,BG,20
2018-10-03,bn,IN,37
2018-10-03,ca,ES,16
2018-10-03,da,DK,38
2018-10-03,de,DE,1067
2018-10-03,el,GR,42
2018-10-03,en,GB,10223
2018-10-03,en,US,37998
2018-10-03,es,ES,1341
2018-10-03,es,LA,1970
2018-10-03,ff,NG,282
2018-10-03,fi,FI,17
2018-10-03,fr,CA,12057
2018-10-03,fr,FR,867852
2018-10-03,ha,NG,50
2018-10-03,he,IL,35
2018-10-03,hi,IN,51
2018-10-03,ht,HT,297
2018-10-03,hu,HU,19
2018-10-03,id,ID,133
2018-10-03,it,IT,2746
2018-10-03,ja,JP,15
2018-10-03,mg,MG,569
2018-10-03,nb,NO,36
2018-10-03,nl,BE,60
2018-10-03,nl,NL,325
2018-10-03,pl,PL,41
2018-10-03,pt,BR,1555
2018-10-03,pt,PT,2734
2018-10-03,ro,RO,151
2018-10-03,ru,RU,113
2018-10-03,rw,RW,45
2018-10-03,so,SO,23
2018-10-03,sq,AL,22
2018-10-03,sv,SE,116
2018-10-03,sw,KE,154
2018-10-03,ta,IN,14
2018-10-03,th,TH,56
2018-10-03,tr,TR,121
2018-10-03,tz,MA,32
2018-10-03,vi,VN,26
2018-10-03,zh,CN,45
2018-10-04,af,ZA,18
2018-10-04,ar,AR,4609
2018-10-04,az,AZ,21
2018-10-04,bg,BG,20
2018-10-04,bn,IN,37
2018-10-04,ca,ES,16
2018-10-04,da,DK,38
2018-10-04,de,DE,1070
2018-10-04,el,GR,42
2018-10-04,en,GB,10238
2018-10-04,en,US,38061
2018-10-04,es,ES,1341
2018-10-04,es,LA,1971
2018-10-04,fa,IR,14
2018-10-04,ff,NG,282
2018-10-04,fi,FI,17
2018-10-04,fr,CA,12075
2018-10-04,fr,FR,869133
2018-10-04,ha,NG,50
2018-10-04,he,IL,35
2018-10-04,hi,IN,51
2018-10-04,ht,HT,296
2018-10-04,hu,HU,19
2018-10-04,id,ID,133
2018-10-04,it,IT,2752
2018-10-04,ja,JP,15
2018-10-04,mg,MG,570
2018-10-04,nb,NO,36
2018-10-04,nl,BE,60
2018-10-04,nl,NL,325
2018-10-04,pl,PL,41
2018-10-04,pt,BR,1559
2018-10-04,pt,PT,2739
2018-10-04,ro,RO,151
2018-10-04,ru,RU,113
2018-10-04,rw,RW,45
2018-10-04,so,SO,24
2018-10-04,sq,AL,22
2018-10-04,sv,SE,116
2018-10-04,sw,KE,154
2018-10-04,th,TH,56
2018-10-04,tr,TR,121
2018-10-04,tz,MA,32
2018-10-04,vi,VN,26
2018-10-04,zh,CN,45
2018-10-05,af,ZA,19
2018-10-05,ar,AR,4616
2018-10-05,az,AZ,21
2018-10-05,bg,BG,20
2018-10-05,bn,IN,37
2018-10-05,ca,ES,17
2018-10-05,da,DK,39
2018-10-05,de,DE,1070
2018-10-05,el,GR,42
2018-10-05,en,GB,10255
2018-10-05,en,US,38118
2018-10-05,es,ES,1344
2018-10-05,es,LA,1975
2018-10-05,fa,IR,14
2018-10-05,ff,NG,282
2018-10-05,fi,FI,17
2018-10-05,fr,CA,12091
2018-10-05,fr,FR,870447
2018-10-05,ha,NG,50
2018-10-05,he,IL,35
2018-10-05,hi,IN,51
2018-10-05,ht,HT,298
2018-10-05,hu,HU,19
2018-10-05,id,ID,133
2018-10-05,it,IT,2756
2018-10-05,ja,JP,15
2018-10-05,mg,MG,571
2018-10-05,nb,NO,36
2018-10-05,nl,BE,60
2018-10-05,nl,NL,325
2018-10-05,pl,PL,41
2018-10-05,pt,BR,1560
2018-10-05,pt,PT,2743
2018-10-05,ro,RO,151
2018-10-05,ru,RU,113
2018-10-05,rw,RW,45
2018-10-05,so,SO,24
2018-10-05,sq,AL,22
2018-10-05,sv,SE,116
2018-10-05,sw,KE,154
2018-10-05,th,TH,56
2018-10-05,tr,TR,121
2018-10-05,tz,MA,32
2018-10-05,vi,VN,26
2018-10-05,zh,CN,45
2018-10-06,af,ZA,20
2018-10-06,ar,AR,4624
2018-10-06,az,AZ,22
2018-10-06,bg,BG,20
2018-10-06,bn,IN,37
2018-10-06,ca,ES,17
2018-10-06,da,DK,39
2018-10-06,de,DE,1075
2018-10-06,el,GR,42
2018-10-06,en,GB,10274
2018-10-06,en,US,38195
2018-10-06,es,ES,1346
2018-10-06,es,LA,1979
2018-10-06,fa,IR,14
2018-10-06,ff,NG,283
2018-10-06,fi,FI,17
2018-10-06,fr,CA,12103
2018-10-06,fr,FR,871657
2018-10-06,ha,NG,50
2018-10-06,he,IL,35
2018-10-06,hi,IN,51
2018-10-06,ht,HT,298
2018-10-06,hu,HU,19
2018-10-06,id,ID,134
2018-10-06,it,IT,2760
2018-10-06,ja,JP,14
2018-10-06,mg,MG,573
2018-10-06,nb,NO,36
2018-10-06,nl,BE,62
2018-10-06,nl,NL,326
2018-10-06,pl,PL,41
2018-10-06,pt,BR,1566
2018-10-06,pt,PT,2754
2018-10-06,ro,RO,151
2018-10-06,ru,RU,113
2018-10-06,rw,RW,45
2018-10-06,so,SO,24
2018-10-06,sq,AL,22
2018-10-06,sv,SE,117
2018-10-06,sw,KE,155
2018-10-06,th,TH,56
2018-10-06,tr,TR,122
2018-10-06,tz,MA,32
2018-10-06,vi,VN,26
2018-10-06,zh,CN,45
2018-10-07,af,ZA,20
2018-10-07,ar,AR,4627
2018-10-07,az,AZ,22
2018-10-07,bg,BG,20
2018-10-07,bn,IN,37
2018-10-07,ca,ES,17
2018-10-07,da,DK,39
2018-10-07,de,DE,1067
2018-10-07,el,GR,42
2018-10-07,en,GB,10284
2018-10-07,en,US,38137
2018-10-07,es,ES,1342
2018-10-07,es,LA,1960
2018-10-07,fa,IR,14
2018-10-07,ff,NG,280
2018-10-07,fi,FI,17
2018-10-07,fr,CA,12133
2018-10-07,fr,FR,873391
2018-10-07,ha,NG,48
2018-10-07,he,IL,35
2018-10-07,hi,IN,50
2018-10-07,ht,HT,299
2018-10-07,hu,HU,19
2018-10-07,id,ID,132
2018-10-07,it,IT,2761
2018-10-07,mg,MG,578
2018-10-07,nb,NO,36
2018-10-07,nl,BE,61
2018-10-07,nl,NL,327
2018-10-07,pl,PL,41
2018-10-07,pt,BR,1554
2018-10-07,pt,PT,2770
2018-10-07,ro,RO,151
2018-10-07,ru,RU,112
2018-10-07,rw,RW,44
2018-10-07,so,SO,25
2018-10-07,sq,AL,22
2018-10-07,sv,SE,117
2018-10-07,sw,KE,156
2018-10-07,ta,IN,14
2018-10-07,th,TH,56
2018-10-07,tr,TR,122
2018-10-07,tz,MA,32
2018-10-07,vi,VN,23
2018-10-07,zh,CN,44
2018-10-08,af,ZA,20
2018-10-08,ar,AR,4631
2018-10-08,az,AZ,22
2018-10-08,bg,BG,20
2018-10-08,bn,IN,37
2018-10-08,ca,ES,17
2018-10-08,da,DK,39
2018-10-08,de,DE,1069
2018-10-08,el,GR,42
2018-10-08,en,GB,10317
2018-10-08,en,US,38221
2018-10-08,es,ES,1346
2018-10-08,es,LA,1970
2018-10-08,fa,IR,14
2018-10-08,ff,NG,283
2018-10-08,fi,FI,17
2018-10-08,fr,CA,12147
2018-10-08,fr,FR,875011
2018-10-08,ha,NG,48
2018-10-08,he,IL,35
2018-10-08,hi,IN,50
2018-10-08,ht,HT,299
2018-10-08,hu,HU,19
2018-10-08,id,ID,132
2018-10-08,it,IT,2766
2018-10-08,mg,MG,581
2018-10-08,nb,NO,36
2018-10-08,nl,BE,62
2018-10-08,nl,NL,328
2018-10-08,pl,PL,41
2018-10-08,pt,BR,1559
2018-10-08,pt,PT,2772
2018-10-08,ro,RO,151
2018-10-08,ru,RU,112
2018-10-08,rw,RW,44
2018-10-08,so,SO,25
2018-10-08,sq,AL,22
2018-10-08,sv,SE,117
2018-10-08,sw,KE,157
2018-10-08,ta,IN,14
2018-10-08,th,TH,56
2018-10-08,tr,TR,122
2018-10-08,tz,MA,33
2018-10-08,vi,VN,24
2018-10-08,zh,CN,44
2018-10-09,af,ZA,20
2018-10-09,ar,AR,4637
2018-10-09,az,AZ,20
2018-10-09,bg,BG,20
2018-10-09,bn,IN,37
2018-10-09,ca,ES,17
2018-10-09,da,DK,40
2018-10-09,de,DE,1074
2018-10-09,el,GR,42
2018-10-09,en,GB,10322
2018-10-09,en,US,38281
2018-10-09,es,ES,1345
2018-10-09,es,LA,1984
2018-10-09,ff,NG,282
2018-10-09,fi,FI,17
2018-10-09,fr,CA,12165
2018-10-09,fr,FR,876525
2018-10-09,ha,NG,50
2018-10-09,he,IL,35
2018-10-09,hi,IN,51
2018-10-09,ht,HT,302
2018-10-09,hu,HU,19
2018-10-09,id,ID,131
2018-10-09,it,IT,2769
2018-10-09,ja,JP,14
2018-10-09,mg,MG,585
2018-10-09,nb,NO,36
2018-10-09,nl,BE,62
2018-10-09,nl,NL,328
2018-10-09,pl,PL,41
2018-10-09,pt,BR,1556
2018-10-09,pt,PT,2786
2018-10-09,ro,RO,151
2018-10-09,ru,RU,111
2018-10-09,rw,RW,44
2018-10-09,so,SO,26
2018-10-09,sq,AL,22
2018-10-09,sv,SE,117
2018-10-09,sw,KE,155
2018-10-09,ta,IN,14
2018-10-09,th,TH,56
2018-10-09,tr,TR,122
2018-10-09,tz,MA,33
2018-10-09,vi,VN,24
2018-10-09,zh,CN,43
2018-10-10,af,ZA,20
2018-10-10,ar,AR,4649
2018-10-10,az,AZ,21
2018-10-10,bg,BG,20
2018-10-10,bn,IN,39
2018-10-10,ca,ES,17
2018-10-10,da,DK,40
2018-10-10,de,DE,1078
2018-10-10,el,GR,42
2018-10-10,en,GB,10341
2018-10-10,en,US,38342
2018-10-10,es,ES,1345
2018-10-10,es,LA,1989
2018-10-10,ff,NG,282
2018-10-10,fi,FI,17
2018-10-10,fr,CA,12183
2018-10-10,fr,FR,878268
2018-10-10,ha,NG,50
2018-10-10,he,IL,34
2018-10-10,hi,IN,52
2018-10-10,ht,HT,306
2018-10-10,hu,HU,19
2018-10-10,id,ID,129
2018-10-10,it,IT,2766
2018-10-10,ja,JP,14
2018-10-10,mg,MG,580
2018-10-10,nb,NO,36
2018-10-10,nl,BE,62
2018-10-10,nl,NL,328
2018-10-10,pl,PL,42
2018-10-10,pt,BR,1559
2018-10-10,pt,PT,2799
2018-10-10,ro,RO,151
2018-10-10,ru,RU,111
2018-10-10,rw,RW,45
2018-10-10,so,SO,27
2018-10-10,sq,AL,22
2018-10-10,sv,SE,117
2018-10-10,sw,KE,154
2018-10-10,ta,IN,15
2018-10-10,th,TH,56
2018-10-10,tr,TR,122
2018-10-10,tz,MA,35
2018-10-10,vi,VN,24
2018-10-10,zh,CN,42
2018-10-11,af,ZA,21
2018-10-11,ar,AR,4673
2018-10-11,az,AZ,22
2018-10-11,bg,BG,20
2018-10-11,bn,IN,39
2018-10-11,ca,ES,17
2018-10-11,da,DK,40
2018-10-11,de,DE,1084
2018-10-11,el,GR,43
2018-10-11,en,GB,10372
2018-10-11,en,US,38442
2018-10-11,es,ES,1344
2018-10-11,es,LA,1990
2018-10-11,ff,NG,286
2018-10-11,fi,FI,17
2018-10-11,fr,CA,12205
2018-10-11,fr,FR,880155
2018-10-11,ha,NG,50
2018-10-11,he,IL,34
2018-10-11,hi,IN,54
2018-10-11,ht,HT,306
2018-10-11,hu,HU,19
2018-10-11,id,ID,128
2018-10-11,it,IT,2781
2018-10-11,ja,JP,15
2018-10-11,mg,MG,579
2018-10-11,nb,NO,36
2018-10-11,nl,BE,62
2018-10-11,nl,NL,330
2018-10-11,pl,PL,44
2018-10-11,pt,BR,1566
2018-10-11,pt,PT,2798
2018-10-11,ro,RO,151
2018-10-11,ru,RU,110
2018-10-11,rw,RW,45
2018-10-11,so,SO,27
2018-10-11,sq,AL,22
2018-10-11,sv,SE,118
2018-10-11,sw,KE,154
2018-10-11,ta,IN,15
2018-10-11,th,TH,56
2018-10-11,tr,TR,124
2018-10-11,tz,MA,35
2018-10-11,vi,VN,24
2018-10-11,zh,CN,43
2018-10-12,af,ZA,20
2018-10-12,ar,AR,4687
2018-10-12,az,AZ,22
2018-10-12,bg,BG,20
2018-10-12,bn,IN,39
2018-10-12,ca,ES,17
2018-10-12,da,DK,40
2018-10-12,de,DE,1084
2018-10-12,el,GR,43
2018-10-12,en,GB,10394
2018-10-12,en,US,38550
2018-10-12,es,ES,1351
2018-10-12,es,LA,2001
2018-10-12,ff,NG,288
2018-10-12,fi,FI,18
2018-10-12,fr,CA,12220
2018-10-12,fr,FR,881954
2018-10-12,ha,NG,50
2018-10-12,he,IL,34
2018-10-12,hi,IN,53
2018-10-12,ht,HT,306
2018-10-12,hu,HU,19
2018-10-12,id,ID,128
2018-10-12,it,IT,2784
2018-10-12,ja,JP,15
2018-10-12,mg,MG,588
2018-10-12,nb,NO,36
2018-10-12,nl,BE,63
2018-10-12,nl,NL,330
2018-10-12,pl,PL,45
2018-10-12,pt,BR,1570
2018-10-12,pt,PT,2809
2018-10-12,ro,RO,151
2018-10-12,ru,RU,111
2018-10-12,rw,RW,47
2018-10-12,so,SO,27
2018-10-12,sq,AL,22
2018-10-12,sv,SE,118
2018-10-12,sw,KE,155
2018-10-12,ta,IN,14
2018-10-12,th,TH,57
2018-10-12,tr,TR,124
2018-10-12,tz,MA,35
2018-10-12,vi,VN,24
2018-10-12,zh,CN,42
2018-10-13,af,ZA,20
2018-10-13,ar,AR,4699
2018-10-13,az,AZ,22
2018-10-13,bg,BG,20
2018-10-13,bn,IN,39
2018-10-13,ca,ES,17
2018-10-13,da,DK,40
2018-10-13,de,DE,1088
2018-10-13,el,GR,43
2018-10-13,en,GB,10420
2018-10-13,en,US,38616
2018-10-13,es,ES,1355
2018-10-13,es,LA,2004
2018-10-13,ff,NG,289
2018-10-13,fi,FI,18
2018-10-13,fr,CA,12238
2018-10-13,fr,FR,883736
2018-10-13,ha,NG,50
2018-10-13,he,IL,34
2018-10-13,hi,IN,53
2018-10-13,ht,HT,307
2018-10-13,hu,HU,19
2018-10-13,id,ID,129
2018-10-13,it,IT,2787
2018-10-13,ja,JP,15
2018-10-13,mg,MG,589
2018-10-13,nb,NO,36
2018-10-13,nl,BE,63
2018-10-13,nl,NL,331
2018-10-13,pl,PL,45
2018-10-13,pt,BR,1572
2018-10-13,pt,PT,2818
2018-10-13,ro,RO,151
2018-10-13,ru,RU,111
2018-10-13,rw,RW,47
2018-10-13,so,SO,27
2018-10-13,sq,AL,22
2018-10-13,sv,SE,118
2018-10-13,sw,KE,154
2018-10-13,ta,IN,14
2018-10-13,th,TH,57
2018-10-13,tr,TR,125
2018-10-13,tz,MA,35
2018-10-13,vi,VN,24
2018-10-13,zh,CN,42
2018-10-14,af,ZA,19
2018-10-14,ar,AR,4758
2018-10-14,az,AZ,21
2018-10-14,bg,BG,20
2018-10-14,bn,IN,39
2018-10-14,ca,ES,17
2018-10-14,da,DK,40
2018-10-14,de,DE,1092
2018-10-14,el,GR,42
2018-10-14,en,GB,10459
2018-10-14,en,US,38707
2018-10-14,es,ES,1360
2018-10-14,es,LA,2013
2018-10-14,ff,NG,284
2018-10-14,fi,FI,18
2018-10-14,fr,CA,12260
2018-10-14,fr,FR,885575
2018-10-14,ha,NG,52
2018-10-14,he,IL,34
2018-10-14,hi,IN,55
2018-10-14,ht,HT,316
2018-10-14,hu,HU,19
2018-10-14,id,ID,131
2018-10-14,it,IT,2793
2018-10-14,ja,JP,15
2018-10-14,mg,MG,593
2018-10-14,nb,NO,36
2018-10-14,nl,BE,63
2018-10-14,nl,NL,330
2018-10-14,pl,PL,44
2018-10-14,pt,BR,1573
2018-10-14,pt,PT,2830
2018-10-14,ro,RO,151
2018-10-14,ru,RU,111
2018-10-14,rw,RW,49
2018-10-14,so,SO,26
2018-10-14,sq,AL,22
2018-10-14,sv,SE,118
2018-10-14,sw,KE,155
2018-10-14,ta,IN,14
2018-10-14,th,TH,58
2018-10-14,tr,TR,126
2018-10-14,tz,MA,36
2018-10-14,vi,VN,25
2018-10-14,zh,CN,43
2018-10-15,af,ZA,19
2018-10-15,ar,AR,4770
2018-10-15,az,AZ,22
2018-10-15,bg,BG,20
2018-10-15,bn,IN,39
2018-10-15,ca,ES,17
2018-10-15,da,DK,40
2018-10-15,de,DE,1093
2018-10-15,el,GR,42
2018-10-15,en,GB,10487
2018-10-15,en,US,38807
2018-10-15,es,ES,1361
2018-10-15,es,LA,2024
2018-10-15,ff,NG,287
2018-10-15,fi,FI,18
2018-10-15,fr,CA,12274
2018-10-15,fr,FR,887285
2018-10-15,ha,NG,51
2018-10-15,he,IL,34
2018-10-15,hi,IN,55
2018-10-15,ht,HT,317
2018-10-15,hu,HU,19
2018-10-15,id,ID,131
2018-10-15,it,IT,2794
2018-10-15,ja,JP,15
2018-10-15,mg,MG,594
2018-10-15,nb,NO,36
2018-10-15,nl,BE,63
2018-10-15,nl,NL,331
2018-10-15,pl,PL,44
2018-10-15,pt,BR,1580
2018-10-15,pt,PT,2837
2018-10-15,ro,RO,151
2018-10-15,ru,RU,111
2018-10-15,rw,RW,50
2018-10-15,so,SO,28
2018-10-15,sq,AL,22
2018-10-15,sv,SE,118
2018-10-15,sw,KE,156
2018-10-15,ta,IN,14
2018-10-15,th,TH,58
2018-10-15,tr,TR,126
2018-10-15,tz,MA,35
2018-10-15,vi,VN,24
2018-10-15,zh,CN,43
2018-10-16,af,ZA,19
2018-10-16,ar,AR,4776
2018-10-16,az,AZ,22
2018-10-16,bg,BG,20
2018-10-16,bn,IN,39
2018-10-16,ca,ES,17
2018-10-16,da,DK,40
2018-10-16,de,DE,1104
2018-10-16,el,GR,42
2018-10-16,en,GB,10509
2018-10-16,en,US,38909
2018-10-16,es,ES,1368
2018-10-16,es,LA,2041
2018-10-16,ff,NG,289
2018-10-16,fi,FI,18
2018-10-16,fr,CA,12297
2018-10-16,fr,FR,889371
2018-10-16,ha,NG,54
2018-10-16,he,IL,33
2018-10-16,hi,IN,55
2018-10-16,ht,HT,321
2018-10-16,hu,HU,19
2018-10-16,id,ID,131
2018-10-16,it,IT,2802
2018-10-16,ja,JP,15
2018-10-16,mg,MG,595
2018-10-16,nb,NO,37
2018-10-16,nl,BE,63
2018-10-16,nl,NL,331
2018-10-16,pl,PL,46
2018-10-16,pt,BR,1589
2018-10-16,pt,PT,2849
2018-10-16,ro,RO,151
2018-10-16,ru,RU,111
2018-10-16,rw,RW,50
2018-10-16,so,SO,28
2018-10-16,sq,AL,22
2018-10-16,sv,SE,118
2018-10-16,sw,KE,156
2018-10-16,ta,IN,14
2018-10-16,th,TH,57
2018-10-16,tr,TR,127
2018-10-16,tz,MA,35
2018-10-16,vi,VN,25
2018-10-16,zh,CN,42
