Date,NewLikes,DailyPostsReach,WeeklyPostShares,DailyPostShares,DailyPageActions,DailyPostsImpression
2018-09-19,1806,1779295,545446,120747,50,6363587
2018-09-19,1806,1779295,545446,120747,50,6363587
2018-09-19,1806,1779295,545446,120747,50,6363587
2018-09-19,1806,1779295,545446,120747,50,6363587
2018-09-19,1806,1779295,545446,120747,50,6363587
2018-09-19,1806,1779295,545446,120747,50,6363587
2018-09-19,1806,1779295,545446,120747,50,6363587
2018-09-19,1806,1779295,545446,120747,50,6363587
2018-09-19,1806,1779295,545446,120747,50,6363587
2018-09-19,1806,1779295,545446,120747,50,6363587
2018-09-19,1806,1779295,545446,120747,50,6363587
2018-09-19,1806,1779295,545446,120747,50,6363587
2018-09-19,1806,1779295,545446,120747,50,6363587
2018-09-19,1806,1779295,545446,120747,50,6363587
2018-09-19,1806,1779295,545446,120747,50,6363587
2018-09-19,1806,1779295,545446,120747,50,6363587
2018-09-19,1806,1779295,545446,120747,50,6363587
2018-09-19,1806,1779295,545446,120747,50,6363587
2018-09-19,1806,1779295,545446,120747,50,6363587
2018-09-19,1806,1779295,545446,120747,50,6363587
2018-09-19,1806,1779295,545446,120747,50,6363587
2018-09-19,1806,1779295,545446,120747,50,6363587
2018-09-19,1806,1779295,545446,120747,50,6363587
2018-09-19,1806,1779295,545446,120747,50,6363587
2018-09-19,1806,1779295,545446,120747,50,6363587
2018-09-19,1806,1779295,545446,120747,50,6363587
2018-09-19,1806,1779295,545446,120747,50,6363587
2018-09-19,1806,1779295,545446,120747,50,6363587
2018-09-19,1806,1779295,545446,120747,50,6363587
2018-09-19,1806,1779295,545446,120747,50,6363587
2018-09-19,1806,1779295,545446,120747,50,6363587
2018-09-19,1806,1779295,545446,120747,50,6363587
2018-09-19,1806,1779295,545446,120747,50,6363587
2018-09-19,1806,1779295,545446,120747,50,6363587
2018-09-19,1806,1779295,545446,120747,50,6363587
2018-09-19,1806,1779295,545446,120747,50,6363587
2018-09-19,1806,1779295,545446,120747,50,6363587
2018-09-19,1806,1779295,545446,120747,50,6363587
2018-09-19,1806,1779295,545446,120747,50,6363587
2018-09-19,1806,1779295,545446,120747,50,6363587
2018-09-19,1806,1779295,545446,120747,50,6363587
2018-09-19,1806,1779295,545446,120747,50,6363587
2018-09-19,1806,1779295,545446,120747,50,6363587
2018-09-19,1806,1779295,545446,120747,50,6363587
2018-09-19,1806,1779295,545446,120747,50,6363587
2018-09-20,1648,1642344,549501,109788,41,6013914
2018-09-20,1648,1642344,549501,109788,41,6013914
2018-09-20,1648,1642344,549501,109788,41,6013914
2018-09-20,1648,1642344,549501,109788,41,6013914
2018-09-20,1648,1642344,549501,109788,41,6013914
2018-09-20,1648,1642344,549501,109788,41,6013914
2018-09-20,1648,1642344,549501,109788,41,6013914
2018-09-20,1648,1642344,549501,109788,41,6013914
2018-09-20,1648,1642344,549501,109788,41,6013914
2018-09-20,1648,1642344,549501,109788,41,6013914
2018-09-20,1648,1642344,549501,109788,41,6013914
2018-09-20,1648,1642344,549501,109788,41,6013914
2018-09-20,1648,1642344,549501,109788,41,6013914
2018-09-20,1648,1642344,549501,109788,41,6013914
2018-09-20,1648,1642344,549501,109788,41,6013914
2018-09-20,1648,1642344,549501,109788,41,6013914
2018-09-20,1648,1642344,549501,109788,41,6013914
2018-09-20,1648,1642344,549501,109788,41,6013914
2018-09-20,1648,1642344,549501,109788,41,6013914
2018-09-20,1648,1642344,549501,109788,41,6013914
2018-09-20,1648,1642344,549501,109788,41,6013914
2018-09-20,1648,1642344,549501,109788,41,6013914
2018-09-20,1648,1642344,549501,109788,41,6013914
2018-09-20,1648,1642344,549501,109788,41,6013914
2018-09-20,1648,1642344,549501,109788,41,6013914
2018-09-20,1648,1642344,549501,109788,41,6013914
2018-09-20,1648,1642344,549501,109788,41,6013914
2018-09-20,1648,1642344,549501,109788,41,6013914
2018-09-20,1648,1642344,549501,109788,41,6013914
2018-09-20,1648,1642344,549501,109788,41,6013914
2018-09-20,1648,1642344,549501,109788,41,6013914
2018-09-20,1648,1642344,549501,109788,41,6013914
2018-09-20,1648,1642344,549501,109788,41,6013914
2018-09-20,1648,1642344,549501,109788,41,6013914
2018-09-20,1648,1642344,549501,109788,41,6013914
2018-09-20,1648,1642344,549501,109788,41,6013914
2018-09-20,1648,1642344,549501,109788,41,6013914
2018-09-20,1648,1642344,549501,109788,41,6013914
2018-09-20,1648,1642344,549501,109788,41,6013914
2018-09-20,1648,1642344,549501,109788,41,6013914
2018-09-20,1648,1642344,549501,109788,41,6013914
2018-09-20,1648,1642344,549501,109788,41,6013914
2018-09-20,1648,1642344,549501,109788,41,6013914
2018-09-20,1648,1642344,549501,109788,41,6013914
2018-09-20,1648,1642344,549501,109788,41,6013914
2018-09-21,1637,1588295,557356,103741,48,5790110
2018-09-21,1637,1588295,557356,103741,48,5790110
2018-09-21,1637,1588295,557356,103741,48,5790110
2018-09-21,1637,1588295,557356,103741,48,5790110
2018-09-21,1637,1588295,557356,103741,48,5790110
2018-09-21,1637,1588295,557356,103741,48,5790110
2018-09-21,1637,1588295,557356,103741,48,5790110
2018-09-21,1637,1588295,557356,103741,48,5790110
2018-09-21,1637,1588295,557356,103741,48,5790110
2018-09-21,1637,1588295,557356,103741,48,5790110
2018-09-21,1637,1588295,557356,103741,48,5790110
2018-09-21,1637,1588295,557356,103741,48,5790110
2018-09-21,1637,1588295,557356,103741,48,5790110
2018-09-21,1637,1588295,557356,103741,48,5790110
2018-09-21,1637,1588295,557356,103741,48,5790110
2018-09-21,1637,1588295,557356,103741,48,5790110
2018-09-21,1637,1588295,557356,103741,48,5790110
2018-09-21,1637,1588295,557356,103741,48,5790110
2018-09-21,1637,1588295,557356,103741,48,5790110
2018-09-21,1637,1588295,557356,103741,48,5790110
2018-09-21,1637,1588295,557356,103741,48,5790110
2018-09-21,1637,1588295,557356,103741,48,5790110
2018-09-21,1637,1588295,557356,103741,48,5790110
2018-09-21,1637,1588295,557356,103741,48,5790110
2018-09-21,1637,1588295,557356,103741,48,5790110
2018-09-21,1637,1588295,557356,103741,48,5790110
2018-09-21,1637,1588295,557356,103741,48,5790110
2018-09-21,1637,1588295,557356,103741,48,5790110
2018-09-21,1637,1588295,557356,103741,48,5790110
2018-09-21,1637,1588295,557356,103741,48,5790110
2018-09-21,1637,1588295,557356,103741,48,5790110
2018-09-21,1637,1588295,557356,103741,48,5790110
2018-09-21,1637,1588295,557356,103741,48,5790110
2018-09-21,1637,1588295,557356,103741,48,5790110
2018-09-21,1637,1588295,557356,103741,48,5790110
2018-09-21,1637,1588295,557356,103741,48,5790110
2018-09-21,1637,1588295,557356,103741,48,5790110
2018-09-21,1637,1588295,557356,103741,48,5790110
2018-09-21,1637,1588295,557356,103741,48,5790110
2018-09-21,1637,1588295,557356,103741,48,5790110
2018-09-21,1637,1588295,557356,103741,48,5790110
2018-09-21,1637,1588295,557356,103741,48,5790110
2018-09-21,1637,1588295,557356,103741,48,5790110
2018-09-21,1637,1588295,557356,103741,48,5790110
2018-09-21,1637,1588295,557356,103741,48,5790110
2018-09-22,1464,1549743,549797,103908,40,5514635
2018-09-22,1464,1549743,549797,103908,40,5514635
2018-09-22,1464,1549743,549797,103908,40,5514635
2018-09-22,1464,1549743,549797,103908,40,5514635
2018-09-22,1464,1549743,549797,103908,40,5514635
2018-09-22,1464,1549743,549797,103908,40,5514635
2018-09-22,1464,1549743,549797,103908,40,5514635
2018-09-22,1464,1549743,549797,103908,40,5514635
2018-09-22,1464,1549743,549797,103908,40,5514635
2018-09-22,1464,1549743,549797,103908,40,5514635
2018-09-22,1464,1549743,549797,103908,40,5514635
2018-09-22,1464,1549743,549797,103908,40,5514635
2018-09-22,1464,1549743,549797,103908,40,5514635
2018-09-22,1464,1549743,549797,103908,40,5514635
2018-09-22,1464,1549743,549797,103908,40,5514635
2018-09-22,1464,1549743,549797,103908,40,5514635
2018-09-22,1464,1549743,549797,103908,40,5514635
2018-09-22,1464,1549743,549797,103908,40,5514635
2018-09-22,1464,1549743,549797,103908,40,5514635
2018-09-22,1464,1549743,549797,103908,40,5514635
2018-09-22,1464,1549743,549797,103908,40,5514635
2018-09-22,1464,1549743,549797,103908,40,5514635
2018-09-22,1464,1549743,549797,103908,40,5514635
2018-09-22,1464,1549743,549797,103908,40,5514635
2018-09-22,1464,1549743,549797,103908,40,5514635
2018-09-22,1464,1549743,549797,103908,40,5514635
2018-09-22,1464,1549743,549797,103908,40,5514635
2018-09-22,1464,1549743,549797,103908,40,5514635
2018-09-22,1464,1549743,549797,103908,40,5514635
2018-09-22,1464,1549743,549797,103908,40,5514635
2018-09-22,1464,1549743,549797,103908,40,5514635
2018-09-22,1464,1549743,549797,103908,40,5514635
2018-09-22,1464,1549743,549797,103908,40,5514635
2018-09-22,1464,1549743,549797,103908,40,5514635
2018-09-22,1464,1549743,549797,103908,40,5514635
2018-09-22,1464,1549743,549797,103908,40,5514635
2018-09-22,1464,1549743,549797,103908,40,5514635
2018-09-22,1464,1549743,549797,103908,40,5514635
2018-09-22,1464,1549743,549797,103908,40,5514635
2018-09-22,1464,1549743,549797,103908,40,5514635
2018-09-22,1464,1549743,549797,103908,40,5514635
2018-09-22,1464,1549743,549797,103908,40,5514635
2018-09-22,1464,1549743,549797,103908,40,5514635
2018-09-22,1464,1549743,549797,103908,40,5514635
2018-09-22,1464,1549743,549797,103908,40,5514635
2018-09-23,1557,1581070,543822,104842,43,5755811
2018-09-23,1557,1581070,543822,104842,43,5755811
2018-09-23,1557,1581070,543822,104842,43,5755811
2018-09-23,1557,1581070,543822,104842,43,5755811
2018-09-23,1557,1581070,543822,104842,43,5755811
2018-09-23,1557,1581070,543822,104842,43,5755811
2018-09-23,1557,1581070,543822,104842,43,5755811
2018-09-23,1557,1581070,543822,104842,43,5755811
2018-09-23,1557,1581070,543822,104842,43,5755811
2018-09-23,1557,1581070,543822,104842,43,5755811
2018-09-23,1557,1581070,543822,104842,43,5755811
2018-09-23,1557,1581070,543822,104842,43,5755811
2018-09-23,1557,1581070,543822,104842,43,5755811
2018-09-23,1557,1581070,543822,104842,43,5755811
2018-09-23,1557,1581070,543822,104842,43,5755811
2018-09-23,1557,1581070,543822,104842,43,5755811
2018-09-23,1557,1581070,543822,104842,43,5755811
2018-09-23,1557,1581070,543822,104842,43,5755811
2018-09-23,1557,1581070,543822,104842,43,5755811
2018-09-23,1557,1581070,543822,104842,43,5755811
2018-09-23,1557,1581070,543822,104842,43,5755811
2018-09-23,1557,1581070,543822,104842,43,5755811
2018-09-23,1557,1581070,543822,104842,43,5755811
2018-09-23,1557,1581070,543822,104842,43,5755811
2018-09-23,1557,1581070,543822,104842,43,5755811
2018-09-23,1557,1581070,543822,104842,43,5755811
2018-09-23,1557,1581070,543822,104842,43,5755811
2018-09-23,1557,1581070,543822,104842,43,5755811
2018-09-23,1557,1581070,543822,104842,43,5755811
2018-09-23,1557,1581070,543822,104842,43,5755811
2018-09-23,1557,1581070,543822,104842,43,5755811
2018-09-23,1557,1581070,543822,104842,43,5755811
2018-09-23,1557,1581070,543822,104842,43,5755811
2018-09-23,1557,1581070,543822,104842,43,5755811
2018-09-23,1557,1581070,543822,104842,43,5755811
2018-09-23,1557,1581070,543822,104842,43,5755811
2018-09-23,1557,1581070,543822,104842,43,5755811
2018-09-23,1557,1581070,543822,104842,43,5755811
2018-09-23,1557,1581070,543822,104842,43,5755811
2018-09-23,1557,1581070,543822,104842,43,5755811
2018-09-23,1557,1581070,543822,104842,43,5755811
2018-09-23,1557,1581070,543822,104842,43,5755811
2018-09-23,1557,1581070,543822,104842,43,5755811
2018-09-23,1557,1581070,543822,104842,43,5755811
2018-09-23,1557,1581070,543822,104842,43,5755811
2018-09-24,1634,1763261,539047,112942,55,6031138
2018-09-24,1634,1763261,539047,112942,55,6031138
2018-09-24,1634,1763261,539047,112942,55,6031138
2018-09-24,1634,1763261,539047,112942,55,6031138
2018-09-24,1634,1763261,539047,112942,55,6031138
2018-09-24,1634,1763261,539047,112942,55,6031138
2018-09-24,1634,1763261,539047,112942,55,6031138
2018-09-24,1634,1763261,539047,112942,55,6031138
2018-09-24,1634,1763261,539047,112942,55,6031138
2018-09-24,1634,1763261,539047,112942,55,6031138
2018-09-24,1634,1763261,539047,112942,55,6031138
2018-09-24,1634,1763261,539047,112942,55,6031138
2018-09-24,1634,1763261,539047,112942,55,6031138
2018-09-24,1634,1763261,539047,112942,55,6031138
2018-09-24,1634,1763261,539047,112942,55,6031138
2018-09-24,1634,1763261,539047,112942,55,6031138
2018-09-24,1634,1763261,539047,112942,55,6031138
2018-09-24,1634,1763261,539047,112942,55,6031138
2018-09-24,1634,1763261,539047,112942,55,6031138
2018-09-24,1634,1763261,539047,112942,55,6031138
2018-09-24,1634,1763261,539047,112942,55,6031138
2018-09-24,1634,1763261,539047,112942,55,6031138
2018-09-24,1634,1763261,539047,112942,55,6031138
2018-09-24,1634,1763261,539047,112942,55,6031138
2018-09-24,1634,1763261,539047,112942,55,6031138
2018-09-24,1634,1763261,539047,112942,55,6031138
2018-09-24,1634,1763261,539047,112942,55,6031138
2018-09-24,1634,1763261,539047,112942,55,6031138
2018-09-24,1634,1763261,539047,112942,55,6031138
2018-09-24,1634,1763261,539047,112942,55,6031138
2018-09-24,1634,1763261,539047,112942,55,6031138
2018-09-24,1634,1763261,539047,112942,55,6031138
2018-09-24,1634,1763261,539047,112942,55,6031138
2018-09-24,1634,1763261,539047,112942,55,6031138
2018-09-24,1634,1763261,539047,112942,55,6031138
2018-09-24,1634,1763261,539047,112942,55,6031138
2018-09-24,1634,1763261,539047,112942,55,6031138
2018-09-24,1634,1763261,539047,112942,55,6031138
2018-09-24,1634,1763261,539047,112942,55,6031138
2018-09-24,1634,1763261,539047,112942,55,6031138
2018-09-24,1634,1763261,539047,112942,55,6031138
2018-09-24,1634,1763261,539047,112942,55,6031138
2018-09-24,1634,1763261,539047,112942,55,6031138
2018-09-24,1634,1763261,539047,112942,55,6031138
2018-09-24,1634,1763261,539047,112942,55,6031138
2018-09-25,1538,1607641,523411,108908,41,5785209
2018-09-25,1538,1607641,523411,108908,41,5785209
2018-09-25,1538,1607641,523411,108908,41,5785209
2018-09-25,1538,1607641,523411,108908,41,5785209
2018-09-25,1538,1607641,523411,108908,41,5785209
2018-09-25,1538,1607641,523411,108908,41,5785209
2018-09-25,1538,1607641,523411,108908,41,5785209
2018-09-25,1538,1607641,523411,108908,41,5785209
2018-09-25,1538,1607641,523411,108908,41,5785209
2018-09-25,1538,1607641,523411,108908,41,5785209
2018-09-25,1538,1607641,523411,108908,41,5785209
2018-09-25,1538,1607641,523411,108908,41,5785209
2018-09-25,1538,1607641,523411,108908,41,5785209
2018-09-25,1538,1607641,523411,108908,41,5785209
2018-09-25,1538,1607641,523411,108908,41,5785209
2018-09-25,1538,1607641,523411,108908,41,5785209
2018-09-25,1538,1607641,523411,108908,41,5785209
2018-09-25,1538,1607641,523411,108908,41,5785209
2018-09-25,1538,1607641,523411,108908,41,5785209
2018-09-25,1538,1607641,523411,108908,41,5785209
2018-09-25,1538,1607641,523411,108908,41,5785209
2018-09-25,1538,1607641,523411,108908,41,5785209
2018-09-25,1538,1607641,523411,108908,41,5785209
2018-09-25,1538,1607641,523411,108908,41,5785209
2018-09-25,1538,1607641,523411,108908,41,5785209
2018-09-25,1538,1607641,523411,108908,41,5785209
2018-09-25,1538,1607641,523411,108908,41,5785209
2018-09-25,1538,1607641,523411,108908,41,5785209
2018-09-25,1538,1607641,523411,108908,41,5785209
2018-09-25,1538,1607641,523411,108908,41,5785209
2018-09-25,1538,1607641,523411,108908,41,5785209
2018-09-25,1538,1607641,523411,108908,41,5785209
2018-09-25,1538,1607641,523411,108908,41,5785209
2018-09-25,1538,1607641,523411,108908,41,5785209
2018-09-25,1538,1607641,523411,108908,41,5785209
2018-09-25,1538,1607641,523411,108908,41,5785209
2018-09-25,1538,1607641,523411,108908,41,5785209
2018-09-25,1538,1607641,523411,108908,41,5785209
2018-09-25,1538,1607641,523411,108908,41,5785209
2018-09-25,1538,1607641,523411,108908,41,5785209
2018-09-25,1538,1607641,523411,108908,41,5785209
2018-09-25,1538,1607641,523411,108908,41,5785209
2018-09-25,1538,1607641,523411,108908,41,5785209
2018-09-25,1538,1607641,523411,108908,41,5785209
2018-09-25,1538,1607641,523411,108908,41,5785209
2018-09-26,1508,1659038,521064,109999,27,5914165
2018-09-26,1508,1659038,521064,109999,27,5914165
2018-09-26,1508,1659038,521064,109999,27,5914165
2018-09-26,1508,1659038,521064,109999,27,5914165
2018-09-26,1508,1659038,521064,109999,27,5914165
2018-09-26,1508,1659038,521064,109999,27,5914165
2018-09-26,1508,1659038,521064,109999,27,5914165
2018-09-26,1508,1659038,521064,109999,27,5914165
2018-09-26,1508,1659038,521064,109999,27,5914165
2018-09-26,1508,1659038,521064,109999,27,5914165
2018-09-26,1508,1659038,521064,109999,27,5914165
2018-09-26,1508,1659038,521064,109999,27,5914165
2018-09-26,1508,1659038,521064,109999,27,5914165
2018-09-26,1508,1659038,521064,109999,27,5914165
2018-09-26,1508,1659038,521064,109999,27,5914165
2018-09-26,1508,1659038,521064,109999,27,5914165
2018-09-26,1508,1659038,521064,109999,27,5914165
2018-09-26,1508,1659038,521064,109999,27,5914165
2018-09-26,1508,1659038,521064,109999,27,5914165
2018-09-26,1508,1659038,521064,109999,27,5914165
2018-09-26,1508,1659038,521064,109999,27,5914165
2018-09-26,1508,1659038,521064,109999,27,5914165
2018-09-26,1508,1659038,521064,109999,27,5914165
2018-09-26,1508,1659038,521064,109999,27,5914165
2018-09-26,1508,1659038,521064,109999,27,5914165
2018-09-26,1508,1659038,521064,109999,27,5914165
2018-09-26,1508,1659038,521064,109999,27,5914165
2018-09-26,1508,1659038,521064,109999,27,5914165
2018-09-26,1508,1659038,521064,109999,27,5914165
2018-09-26,1508,1659038,521064,109999,27,5914165
2018-09-26,1508,1659038,521064,109999,27,5914165
2018-09-26,1508,1659038,521064,109999,27,5914165
2018-09-26,1508,1659038,521064,109999,27,5914165
2018-09-26,1508,1659038,521064,109999,27,5914165
2018-09-26,1508,1659038,521064,109999,27,5914165
2018-09-26,1508,1659038,521064,109999,27,5914165
2018-09-26,1508,1659038,521064,109999,27,5914165
2018-09-26,1508,1659038,521064,109999,27,5914165
2018-09-26,1508,1659038,521064,109999,27,5914165
2018-09-26,1508,1659038,521064,109999,27,5914165
2018-09-26,1508,1659038,521064,109999,27,5914165
2018-09-26,1508,1659038,521064,109999,27,5914165
2018-09-26,1508,1659038,521064,109999,27,5914165
2018-09-26,1508,1659038,521064,109999,27,5914165
2018-09-26,1508,1659038,521064,109999,27,5914165
2018-09-27,1574,1655204,527427,108212,39,6075300
2018-09-27,1574,1655204,527427,108212,39,6075300
2018-09-27,1574,1655204,527427,108212,39,6075300
2018-09-27,1574,1655204,527427,108212,39,6075300
2018-09-27,1574,1655204,527427,108212,39,6075300
2018-09-27,1574,1655204,527427,108212,39,6075300
2018-09-27,1574,1655204,527427,108212,39,6075300
2018-09-27,1574,1655204,527427,108212,39,6075300
2018-09-27,1574,1655204,527427,108212,39,6075300
2018-09-27,1574,1655204,527427,108212,39,6075300
2018-09-27,1574,1655204,527427,108212,39,6075300
2018-09-27,1574,1655204,527427,108212,39,6075300
2018-09-27,1574,1655204,527427,108212,39,6075300
2018-09-27,1574,1655204,527427,108212,39,6075300
2018-09-27,1574,1655204,527427,108212,39,6075300
2018-09-27,1574,1655204,527427,108212,39,6075300
2018-09-27,1574,1655204,527427,108212,39,6075300
2018-09-27,1574,1655204,527427,108212,39,6075300
2018-09-27,1574,1655204,527427,108212,39,6075300
2018-09-27,1574,1655204,527427,108212,39,6075300
2018-09-27,1574,1655204,527427,108212,39,6075300
2018-09-27,1574,1655204,527427,108212,39,6075300
2018-09-27,1574,1655204,527427,108212,39,6075300
2018-09-27,1574,1655204,527427,108212,39,6075300
2018-09-27,1574,1655204,527427,108212,39,6075300
2018-09-27,1574,1655204,527427,108212,39,6075300
2018-09-27,1574,1655204,527427,108212,39,6075300
2018-09-27,1574,1655204,527427,108212,39,6075300
2018-09-27,1574,1655204,527427,108212,39,6075300
2018-09-27,1574,1655204,527427,108212,39,6075300
2018-09-27,1574,1655204,527427,108212,39,6075300
2018-09-27,1574,1655204,527427,108212,39,6075300
2018-09-27,1574,1655204,527427,108212,39,6075300
2018-09-27,1574,1655204,527427,108212,39,6075300
2018-09-27,1574,1655204,527427,108212,39,6075300
2018-09-27,1574,1655204,527427,108212,39,6075300
2018-09-27,1574,1655204,527427,108212,39,6075300
2018-09-27,1574,1655204,527427,108212,39,6075300
2018-09-27,1574,1655204,527427,108212,39,6075300
2018-09-27,1574,1655204,527427,108212,39,6075300
2018-09-27,1574,1655204,527427,108212,39,6075300
2018-09-27,1574,1655204,527427,108212,39,6075300
2018-09-27,1574,1655204,527427,108212,39,6075300
2018-09-27,1574,1655204,527427,108212,39,6075300
2018-09-27,1574,1655204,527427,108212,39,6075300
2018-09-28,1468,1631159,522421,101312,45,5700151
2018-09-28,1468,1631159,522421,101312,45,5700151
2018-09-28,1468,1631159,522421,101312,45,5700151
2018-09-28,1468,1631159,522421,101312,45,5700151
2018-09-28,1468,1631159,522421,101312,45,5700151
2018-09-28,1468,1631159,522421,101312,45,5700151
2018-09-28,1468,1631159,522421,101312,45,5700151
2018-09-28,1468,1631159,522421,101312,45,5700151
2018-09-28,1468,1631159,522421,101312,45,5700151
2018-09-28,1468,1631159,522421,101312,45,5700151
2018-09-28,1468,1631159,522421,101312,45,5700151
2018-09-28,1468,1631159,522421,101312,45,5700151
2018-09-28,1468,1631159,522421,101312,45,5700151
2018-09-28,1468,1631159,522421,101312,45,5700151
2018-09-28,1468,1631159,522421,101312,45,5700151
2018-09-28,1468,1631159,522421,101312,45,5700151
2018-09-28,1468,1631159,522421,101312,45,5700151
2018-09-28,1468,1631159,522421,101312,45,5700151
2018-09-28,1468,1631159,522421,101312,45,5700151
2018-09-28,1468,1631159,522421,101312,45,5700151
2018-09-28,1468,1631159,522421,101312,45,5700151
2018-09-28,1468,1631159,522421,101312,45,5700151
2018-09-28,1468,1631159,522421,101312,45,5700151
2018-09-28,1468,1631159,522421,101312,45,5700151
2018-09-28,1468,1631159,522421,101312,45,5700151
2018-09-28,1468,1631159,522421,101312,45,5700151
2018-09-28,1468,1631159,522421,101312,45,5700151
2018-09-28,1468,1631159,522421,101312,45,5700151
2018-09-28,1468,1631159,522421,101312,45,5700151
2018-09-28,1468,1631159,522421,101312,45,5700151
2018-09-28,1468,1631159,522421,101312,45,5700151
2018-09-28,1468,1631159,522421,101312,45,5700151
2018-09-28,1468,1631159,522421,101312,45,5700151
2018-09-28,1468,1631159,522421,101312,45,5700151
2018-09-28,1468,1631159,522421,101312,45,5700151
2018-09-28,1468,1631159,522421,101312,45,5700151
2018-09-28,1468,1631159,522421,101312,45,5700151
2018-09-28,1468,1631159,522421,101312,45,5700151
2018-09-28,1468,1631159,522421,101312,45,5700151
2018-09-28,1468,1631159,522421,101312,45,5700151
2018-09-28,1468,1631159,522421,101312,45,5700151
2018-09-28,1468,1631159,522421,101312,45,5700151
2018-09-28,1468,1631159,522421,101312,45,5700151
2018-09-28,1468,1631159,522421,101312,45,5700151
2018-09-28,1468,1631159,522421,101312,45,5700151
2018-09-29,1556,1644077,531604,106294,36,5673416
2018-09-29,1556,1644077,531604,106294,36,5673416
2018-09-29,1556,1644077,531604,106294,36,5673416
2018-09-29,1556,1644077,531604,106294,36,5673416
2018-09-29,1556,1644077,531604,106294,36,5673416
2018-09-29,1556,1644077,531604,106294,36,5673416
2018-09-29,1556,1644077,531604,106294,36,5673416
2018-09-29,1556,1644077,531604,106294,36,5673416
2018-09-29,1556,1644077,531604,106294,36,5673416
2018-09-29,1556,1644077,531604,106294,36,5673416
2018-09-29,1556,1644077,531604,106294,36,5673416
2018-09-29,1556,1644077,531604,106294,36,5673416
2018-09-29,1556,1644077,531604,106294,36,5673416
2018-09-29,1556,1644077,531604,106294,36,5673416
2018-09-29,1556,1644077,531604,106294,36,5673416
2018-09-29,1556,1644077,531604,106294,36,5673416
2018-09-29,1556,1644077,531604,106294,36,5673416
2018-09-29,1556,1644077,531604,106294,36,5673416
2018-09-29,1556,1644077,531604,106294,36,5673416
2018-09-29,1556,1644077,531604,106294,36,5673416
2018-09-29,1556,1644077,531604,106294,36,5673416
2018-09-29,1556,1644077,531604,106294,36,5673416
2018-09-29,1556,1644077,531604,106294,36,5673416
2018-09-29,1556,1644077,531604,106294,36,5673416
2018-09-29,1556,1644077,531604,106294,36,5673416
2018-09-29,1556,1644077,531604,106294,36,5673416
2018-09-29,1556,1644077,531604,106294,36,5673416
2018-09-29,1556,1644077,531604,106294,36,5673416
2018-09-29,1556,1644077,531604,106294,36,5673416
2018-09-29,1556,1644077,531604,106294,36,5673416
2018-09-29,1556,1644077,531604,106294,36,5673416
2018-09-29,1556,1644077,531604,106294,36,5673416
2018-09-29,1556,1644077,531604,106294,36,5673416
2018-09-29,1556,1644077,531604,106294,36,5673416
2018-09-29,1556,1644077,531604,106294,36,5673416
2018-09-29,1556,1644077,531604,106294,36,5673416
2018-09-29,1556,1644077,531604,106294,36,5673416
2018-09-29,1556,1644077,531604,106294,36,5673416
2018-09-29,1556,1644077,531604,106294,36,5673416
2018-09-29,1556,1644077,531604,106294,36,5673416
2018-09-29,1556,1644077,531604,106294,36,5673416
2018-09-29,1556,1644077,531604,106294,36,5673416
2018-09-29,1556,1644077,531604,106294,36,5673416
2018-09-29,1556,1644077,531604,106294,36,5673416
2018-09-29,1556,1644077,531604,106294,36,5673416
2018-09-30,1475,1593899,524833,97375,47,5615209
2018-09-30,1475,1593899,524833,97375,47,5615209
2018-09-30,1475,1593899,524833,97375,47,5615209
2018-09-30,1475,1593899,524833,97375,47,5615209
2018-09-30,1475,1593899,524833,97375,47,5615209
2018-09-30,1475,1593899,524833,97375,47,5615209
2018-09-30,1475,1593899,524833,97375,47,5615209
2018-09-30,1475,1593899,524833,97375,47,5615209
2018-09-30,1475,1593899,524833,97375,47,5615209
2018-09-30,1475,1593899,524833,97375,47,5615209
2018-09-30,1475,1593899,524833,97375,47,5615209
2018-09-30,1475,1593899,524833,97375,47,5615209
2018-09-30,1475,1593899,524833,97375,47,5615209
2018-09-30,1475,1593899,524833,97375,47,5615209
2018-09-30,1475,1593899,524833,97375,47,5615209
2018-09-30,1475,1593899,524833,97375,47,5615209
2018-09-30,1475,1593899,524833,97375,47,5615209
2018-09-30,1475,1593899,524833,97375,47,5615209
2018-09-30,1475,1593899,524833,97375,47,5615209
2018-09-30,1475,1593899,524833,97375,47,5615209
2018-09-30,1475,1593899,524833,97375,47,5615209
2018-09-30,1475,1593899,524833,97375,47,5615209
2018-09-30,1475,1593899,524833,97375,47,5615209
2018-09-30,1475,1593899,524833,97375,47,5615209
2018-09-30,1475,1593899,524833,97375,47,5615209
2018-09-30,1475,1593899,524833,97375,47,5615209
2018-09-30,1475,1593899,524833,97375,47,5615209
2018-09-30,1475,1593899,524833,97375,47,5615209
2018-09-30,1475,1593899,524833,97375,47,5615209
2018-09-30,1475,1593899,524833,97375,47,5615209
2018-09-30,1475,1593899,524833,97375,47,5615209
2018-09-30,1475,1593899,524833,97375,47,5615209
2018-09-30,1475,1593899,524833,97375,47,5615209
2018-09-30,1475,1593899,524833,97375,47,5615209
2018-09-30,1475,1593899,524833,97375,47,5615209
2018-09-30,1475,1593899,524833,97375,47,5615209
2018-09-30,1475,1593899,524833,97375,47,5615209
2018-09-30,1475,1593899,524833,97375,47,5615209
2018-09-30,1475,1593899,524833,97375,47,5615209
2018-09-30,1475,1593899,524833,97375,47,5615209
2018-09-30,1475,1593899,524833,97375,47,5615209
2018-09-30,1475,1593899,524833,97375,47,5615209
2018-09-30,1475,1593899,524833,97375,47,5615209
2018-09-30,1475,1593899,524833,97375,47,5615209
2018-09-30,1475,1593899,524833,97375,47,5615209
2018-10-01,1485,1680033,506652,109284,41,6227197
2018-10-01,1485,1680033,506652,109284,41,6227197
2018-10-01,1485,1680033,506652,109284,41,6227197
2018-10-01,1485,1680033,506652,109284,41,6227197
2018-10-01,1485,1680033,506652,109284,41,6227197
2018-10-01,1485,1680033,506652,109284,41,6227197
2018-10-01,1485,1680033,506652,109284,41,6227197
2018-10-01,1485,1680033,506652,109284,41,6227197
2018-10-01,1485,1680033,506652,109284,41,6227197
2018-10-01,1485,1680033,506652,109284,41,6227197
2018-10-01,1485,1680033,506652,109284,41,6227197
2018-10-01,1485,1680033,506652,109284,41,6227197
2018-10-01,1485,1680033,506652,109284,41,6227197
2018-10-01,1485,1680033,506652,109284,41,6227197
2018-10-01,1485,1680033,506652,109284,41,6227197
2018-10-01,1485,1680033,506652,109284,41,6227197
2018-10-01,1485,1680033,506652,109284,41,6227197
2018-10-01,1485,1680033,506652,109284,41,6227197
2018-10-01,1485,1680033,506652,109284,41,6227197
2018-10-01,1485,1680033,506652,109284,41,6227197
2018-10-01,1485,1680033,506652,109284,41,6227197
2018-10-01,1485,1680033,506652,109284,41,6227197
2018-10-01,1485,1680033,506652,109284,41,6227197
2018-10-01,1485,1680033,506652,109284,41,6227197
2018-10-01,1485,1680033,506652,109284,41,6227197
2018-10-01,1485,1680033,506652,109284,41,6227197
2018-10-01,1485,1680033,506652,109284,41,6227197
2018-10-01,1485,1680033,506652,109284,41,6227197
2018-10-01,1485,1680033,506652,109284,41,6227197
2018-10-01,1485,1680033,506652,109284,41,6227197
2018-10-01,1485,1680033,506652,109284,41,6227197
2018-10-01,1485,1680033,506652,109284,41,6227197
2018-10-01,1485,1680033,506652,109284,41,6227197
2018-10-01,1485,1680033,506652,109284,41,6227197
2018-10-01,1485,1680033,506652,109284,41,6227197
2018-10-01,1485,1680033,506652,109284,41,6227197
2018-10-01,1485,1680033,506652,109284,41,6227197
2018-10-01,1485,1680033,506652,109284,41,6227197
2018-10-01,1485,1680033,506652,109284,41,6227197
2018-10-01,1485,1680033,506652,109284,41,6227197
2018-10-01,1485,1680033,506652,109284,41,6227197
2018-10-01,1485,1680033,506652,109284,41,6227197
2018-10-01,1485,1680033,506652,109284,41,6227197
2018-10-01,1485,1680033,506652,109284,41,6227197
2018-10-01,1485,1680033,506652,109284,41,6227197
2018-10-02,1570,1604910,519518,108324,51,6134215
2018-10-02,1570,1604910,519518,108324,51,6134215
2018-10-02,1570,1604910,519518,108324,51,6134215
2018-10-02,1570,1604910,519518,108324,51,6134215
2018-10-02,1570,1604910,519518,108324,51,6134215
2018-10-02,1570,1604910,519518,108324,51,6134215
2018-10-02,1570,1604910,519518,108324,51,6134215
2018-10-02,1570,1604910,519518,108324,51,6134215
2018-10-02,1570,1604910,519518,108324,51,6134215
2018-10-02,1570,1604910,519518,108324,51,6134215
2018-10-02,1570,1604910,519518,108324,51,6134215
2018-10-02,1570,1604910,519518,108324,51,6134215
2018-10-02,1570,1604910,519518,108324,51,6134215
2018-10-02,1570,1604910,519518,108324,51,6134215
2018-10-02,1570,1604910,519518,108324,51,6134215
2018-10-02,1570,1604910,519518,108324,51,6134215
2018-10-02,1570,1604910,519518,108324,51,6134215
2018-10-02,1570,1604910,519518,108324,51,6134215
2018-10-02,1570,1604910,519518,108324,51,6134215
2018-10-02,1570,1604910,519518,108324,51,6134215
2018-10-02,1570,1604910,519518,108324,51,6134215
2018-10-02,1570,1604910,519518,108324,51,6134215
2018-10-02,1570,1604910,519518,108324,51,6134215
2018-10-02,1570,1604910,519518,108324,51,6134215
2018-10-02,1570,1604910,519518,108324,51,6134215
2018-10-02,1570,1604910,519518,108324,51,6134215
2018-10-02,1570,1604910,519518,108324,51,6134215
2018-10-02,1570,1604910,519518,108324,51,6134215
2018-10-02,1570,1604910,519518,108324,51,6134215
2018-10-02,1570,1604910,519518,108324,51,6134215
2018-10-02,1570,1604910,519518,108324,51,6134215
2018-10-02,1570,1604910,519518,108324,51,6134215
2018-10-02,1570,1604910,519518,108324,51,6134215
2018-10-02,1570,1604910,519518,108324,51,6134215
2018-10-02,1570,1604910,519518,108324,51,6134215
2018-10-02,1570,1604910,519518,108324,51,6134215
2018-10-02,1570,1604910,519518,108324,51,6134215
2018-10-02,1570,1604910,519518,108324,51,6134215
2018-10-02,1570,1604910,519518,108324,51,6134215
2018-10-02,1570,1604910,519518,108324,51,6134215
2018-10-02,1570,1604910,519518,108324,51,6134215
2018-10-02,1570,1604910,519518,108324,51,6134215
2018-10-02,1570,1604910,519518,108324,51,6134215
2018-10-02,1570,1604910,519518,108324,51,6134215
2018-10-02,1570,1604910,519518,108324,51,6134215
2018-10-03,1571,1776709,506918,116122,46,6514905
2018-10-03,1571,1776709,506918,116122,46,6514905
2018-10-03,1571,1776709,506918,116122,46,6514905
2018-10-03,1571,1776709,506918,116122,46,6514905
2018-10-03,1571,1776709,506918,116122,46,6514905
2018-10-03,1571,1776709,506918,116122,46,6514905
2018-10-03,1571,1776709,506918,116122,46,6514905
2018-10-03,1571,1776709,506918,116122,46,6514905
2018-10-03,1571,1776709,506918,116122,46,6514905
2018-10-03,1571,1776709,506918,116122,46,6514905
2018-10-03,1571,1776709,506918,116122,46,6514905
2018-10-03,1571,1776709,506918,116122,46,6514905
2018-10-03,1571,1776709,506918,116122,46,6514905
2018-10-03,1571,1776709,506918,116122,46,6514905
2018-10-03,1571,1776709,506918,116122,46,6514905
2018-10-03,1571,1776709,506918,116122,46,6514905
2018-10-03,1571,1776709,506918,116122,46,6514905
2018-10-03,1571,1776709,506918,116122,46,6514905
2018-10-03,1571,1776709,506918,116122,46,6514905
2018-10-03,1571,1776709,506918,116122,46,6514905
2018-10-03,1571,1776709,506918,116122,46,6514905
2018-10-03,1571,1776709,506918,116122,46,6514905
2018-10-03,1571,1776709,506918,116122,46,6514905
2018-10-03,1571,1776709,506918,116122,46,6514905
2018-10-03,1571,1776709,506918,116122,46,6514905
2018-10-03,1571,1776709,506918,116122,46,6514905
2018-10-03,1571,1776709,506918,116122,46,6514905
2018-10-03,1571,1776709,506918,116122,46,6514905
2018-10-03,1571,1776709,506918,116122,46,6514905
2018-10-03,1571,1776709,506918,116122,46,6514905
2018-10-03,1571,1776709,506918,116122,46,6514905
2018-10-03,1571,1776709,506918,116122,46,6514905
2018-10-03,1571,1776709,506918,116122,46,6514905
2018-10-03,1571,1776709,506918,116122,46,6514905
2018-10-03,1571,1776709,506918,116122,46,6514905
2018-10-03,1571,1776709,506918,116122,46,6514905
2018-10-03,1571,1776709,506918,116122,46,6514905
2018-10-03,1571,1776709,506918,116122,46,6514905
2018-10-03,1571,1776709,506918,116122,46,6514905
2018-10-03,1571,1776709,506918,116122,46,6514905
2018-10-03,1571,1776709,506918,116122,46,6514905
2018-10-03,1571,1776709,506918,116122,46,6514905
2018-10-03,1571,1776709,506918,116122,46,6514905
2018-10-03,1571,1776709,506918,116122,46,6514905
2018-10-03,1571,1776709,506918,116122,46,6514905
2018-10-04,1571,1763473,507243,114578,55,6199481
2018-10-04,1571,1763473,507243,114578,55,6199481
2018-10-04,1571,1763473,507243,114578,55,6199481
2018-10-04,1571,1763473,507243,114578,55,6199481
2018-10-04,1571,1763473,507243,114578,55,6199481
2018-10-04,1571,1763473,507243,114578,55,6199481
2018-10-04,1571,1763473,507243,114578,55,6199481
2018-10-04,1571,1763473,507243,114578,55,6199481
2018-10-04,1571,1763473,507243,114578,55,6199481
2018-10-04,1571,1763473,507243,114578,55,6199481
2018-10-04,1571,1763473,507243,114578,55,6199481
2018-10-04,1571,1763473,507243,114578,55,6199481
2018-10-04,1571,1763473,507243,114578,55,6199481
2018-10-04,1571,1763473,507243,114578,55,6199481
2018-10-04,1571,1763473,507243,114578,55,6199481
2018-10-04,1571,1763473,507243,114578,55,6199481
2018-10-04,1571,1763473,507243,114578,55,6199481
2018-10-04,1571,1763473,507243,114578,55,6199481
2018-10-04,1571,1763473,507243,114578,55,6199481
2018-10-04,1571,1763473,507243,114578,55,6199481
2018-10-04,1571,1763473,507243,114578,55,6199481
2018-10-04,1571,1763473,507243,114578,55,6199481
2018-10-04,1571,1763473,507243,114578,55,6199481
2018-10-04,1571,1763473,507243,114578,55,6199481
2018-10-04,1571,1763473,507243,114578,55,6199481
2018-10-04,1571,1763473,507243,114578,55,6199481
2018-10-04,1571,1763473,507243,114578,55,6199481
2018-10-04,1571,1763473,507243,114578,55,6199481
2018-10-04,1571,1763473,507243,114578,55,6199481
2018-10-04,1571,1763473,507243,114578,55,6199481
2018-10-04,1571,1763473,507243,114578,55,6199481
2018-10-04,1571,1763473,507243,114578,55,6199481
2018-10-04,1571,1763473,507243,114578,55,6199481
2018-10-04,1571,1763473,507243,114578,55,6199481
2018-10-04,1571,1763473,507243,114578,55,6199481
2018-10-04,1571,1763473,507243,114578,55,6199481
2018-10-04,1571,1763473,507243,114578,55,6199481
2018-10-04,1571,1763473,507243,114578,55,6199481
2018-10-04,1571,1763473,507243,114578,55,6199481
2018-10-04,1571,1763473,507243,114578,55,6199481
2018-10-04,1571,1763473,507243,114578,55,6199481
2018-10-04,1571,1763473,507243,114578,55,6199481
2018-10-04,1571,1763473,507243,114578,55,6199481
2018-10-04,1571,1763473,507243,114578,55,6199481
2018-10-04,1571,1763473,507243,114578,55,6199481
2018-10-05,1596,1820084,528932,112382,49,6145437
2018-10-05,1596,1820084,528932,112382,49,6145437
2018-10-05,1596,1820084,528932,112382,49,6145437
2018-10-05,1596,1820084,528932,112382,49,6145437
2018-10-05,1596,1820084,528932,112382,49,6145437
2018-10-05,1596,1820084,528932,112382,49,6145437
2018-10-05,1596,1820084,528932,112382,49,6145437
2018-10-05,1596,1820084,528932,112382,49,6145437
2018-10-05,1596,1820084,528932,112382,49,6145437
2018-10-05,1596,1820084,528932,112382,49,6145437
2018-10-05,1596,1820084,528932,112382,49,6145437
2018-10-05,1596,1820084,528932,112382,49,6145437
2018-10-05,1596,1820084,528932,112382,49,6145437
2018-10-05,1596,1820084,528932,112382,49,6145437
2018-10-05,1596,1820084,528932,112382,49,6145437
2018-10-05,1596,1820084,528932,112382,49,6145437
2018-10-05,1596,1820084,528932,112382,49,6145437
2018-10-05,1596,1820084,528932,112382,49,6145437
2018-10-05,1596,1820084,528932,112382,49,6145437
2018-10-05,1596,1820084,528932,112382,49,6145437
2018-10-05,1596,1820084,528932,112382,49,6145437
2018-10-05,1596,1820084,528932,112382,49,6145437
2018-10-05,1596,1820084,528932,112382,49,6145437
2018-10-05,1596,1820084,528932,112382,49,6145437
2018-10-05,1596,1820084,528932,112382,49,6145437
2018-10-05,1596,1820084,528932,112382,49,6145437
2018-10-05,1596,1820084,528932,112382,49,6145437
2018-10-05,1596,1820084,528932,112382,49,6145437
2018-10-05,1596,1820084,528932,112382,49,6145437
2018-10-05,1596,1820084,528932,112382,49,6145437
2018-10-05,1596,1820084,528932,112382,49,6145437
2018-10-05,1596,1820084,528932,112382,49,6145437
2018-10-05,1596,1820084,528932,112382,49,6145437
2018-10-05,1596,1820084,528932,112382,49,6145437
2018-10-05,1596,1820084,528932,112382,49,6145437
2018-10-05,1596,1820084,528932,112382,49,6145437
2018-10-05,1596,1820084,528932,112382,49,6145437
2018-10-05,1596,1820084,528932,112382,49,6145437
2018-10-05,1596,1820084,528932,112382,49,6145437
2018-10-05,1596,1820084,528932,112382,49,6145437
2018-10-05,1596,1820084,528932,112382,49,6145437
2018-10-05,1596,1820084,528932,112382,49,6145437
2018-10-05,1596,1820084,528932,112382,49,6145437
2018-10-05,1596,1820084,528932,112382,49,6145437
2018-10-05,1596,1820084,528932,112382,49,6145437
2018-10-06,1570,1720385,535187,105004,60,6329891
2018-10-06,1570,1720385,535187,105004,60,6329891
2018-10-06,1570,1720385,535187,105004,60,6329891
2018-10-06,1570,1720385,535187,105004,60,6329891
2018-10-06,1570,1720385,535187,105004,60,6329891
2018-10-06,1570,1720385,535187,105004,60,6329891
2018-10-06,1570,1720385,535187,105004,60,6329891
2018-10-06,1570,1720385,535187,105004,60,6329891
2018-10-06,1570,1720385,535187,105004,60,6329891
2018-10-06,1570,1720385,535187,105004,60,6329891
2018-10-06,1570,1720385,535187,105004,60,6329891
2018-10-06,1570,1720385,535187,105004,60,6329891
2018-10-06,1570,1720385,535187,105004,60,6329891
2018-10-06,1570,1720385,535187,105004,60,6329891
2018-10-06,1570,1720385,535187,105004,60,6329891
2018-10-06,1570,1720385,535187,105004,60,6329891
2018-10-06,1570,1720385,535187,105004,60,6329891
2018-10-06,1570,1720385,535187,105004,60,6329891
2018-10-06,1570,1720385,535187,105004,60,6329891
2018-10-06,1570,1720385,535187,105004,60,6329891
2018-10-06,1570,1720385,535187,105004,60,6329891
2018-10-06,1570,1720385,535187,105004,60,6329891
2018-10-06,1570,1720385,535187,105004,60,6329891
2018-10-06,1570,1720385,535187,105004,60,6329891
2018-10-06,1570,1720385,535187,105004,60,6329891
2018-10-06,1570,1720385,535187,105004,60,6329891
2018-10-06,1570,1720385,535187,105004,60,6329891
2018-10-06,1570,1720385,535187,105004,60,6329891
2018-10-06,1570,1720385,535187,105004,60,6329891
2018-10-06,1570,1720385,535187,105004,60,6329891
2018-10-06,1570,1720385,535187,105004,60,6329891
2018-10-06,1570,1720385,535187,105004,60,6329891
2018-10-06,1570,1720385,535187,105004,60,6329891
2018-10-06,1570,1720385,535187,105004,60,6329891
2018-10-06,1570,1720385,535187,105004,60,6329891
2018-10-06,1570,1720385,535187,105004,60,6329891
2018-10-06,1570,1720385,535187,105004,60,6329891
2018-10-06,1570,1720385,535187,105004,60,6329891
2018-10-06,1570,1720385,535187,105004,60,6329891
2018-10-06,1570,1720385,535187,105004,60,6329891
2018-10-06,1570,1720385,535187,105004,60,6329891
2018-10-06,1570,1720385,535187,105004,60,6329891
2018-10-06,1570,1720385,535187,105004,60,6329891
2018-10-06,1570,1720385,535187,105004,60,6329891
2018-10-06,1570,1720385,535187,105004,60,6329891
2018-10-07,1849,1878386,539458,115112,54,6833887
2018-10-07,1849,1878386,539458,115112,54,6833887
2018-10-07,1849,1878386,539458,115112,54,6833887
2018-10-07,1849,1878386,539458,115112,54,6833887
2018-10-07,1849,1878386,539458,115112,54,6833887
2018-10-07,1849,1878386,539458,115112,54,6833887
2018-10-07,1849,1878386,539458,115112,54,6833887
2018-10-07,1849,1878386,539458,115112,54,6833887
2018-10-07,1849,1878386,539458,115112,54,6833887
2018-10-07,1849,1878386,539458,115112,54,6833887
2018-10-07,1849,1878386,539458,115112,54,6833887
2018-10-07,1849,1878386,539458,115112,54,6833887
2018-10-07,1849,1878386,539458,115112,54,6833887
2018-10-07,1849,1878386,539458,115112,54,6833887
2018-10-07,1849,1878386,539458,115112,54,6833887
2018-10-07,1849,1878386,539458,115112,54,6833887
2018-10-07,1849,1878386,539458,115112,54,6833887
2018-10-07,1849,1878386,539458,115112,54,6833887
2018-10-07,1849,1878386,539458,115112,54,6833887
2018-10-07,1849,1878386,539458,115112,54,6833887
2018-10-07,1849,1878386,539458,115112,54,6833887
2018-10-07,1849,1878386,539458,115112,54,6833887
2018-10-07,1849,1878386,539458,115112,54,6833887
2018-10-07,1849,1878386,539458,115112,54,6833887
2018-10-07,1849,1878386,539458,115112,54,6833887
2018-10-07,1849,1878386,539458,115112,54,6833887
2018-10-07,1849,1878386,539458,115112,54,6833887
2018-10-07,1849,1878386,539458,115112,54,6833887
2018-10-07,1849,1878386,539458,115112,54,6833887
2018-10-07,1849,1878386,539458,115112,54,6833887
2018-10-07,1849,1878386,539458,115112,54,6833887
2018-10-07,1849,1878386,539458,115112,54,6833887
2018-10-07,1849,1878386,539458,115112,54,6833887
2018-10-07,1849,1878386,539458,115112,54,6833887
2018-10-07,1849,1878386,539458,115112,54,6833887
2018-10-07,1849,1878386,539458,115112,54,6833887
2018-10-07,1849,1878386,539458,115112,54,6833887
2018-10-07,1849,1878386,539458,115112,54,6833887
2018-10-07,1849,1878386,539458,115112,54,6833887
2018-10-07,1849,1878386,539458,115112,54,6833887
2018-10-07,1849,1878386,539458,115112,54,6833887
2018-10-07,1849,1878386,539458,115112,54,6833887
2018-10-07,1849,1878386,539458,115112,54,6833887
2018-10-07,1849,1878386,539458,115112,54,6833887
2018-10-07,1849,1878386,539458,115112,54,6833887
2018-10-08,1971,1931462,555343,125268,59,6925862
2018-10-08,1971,1931462,555343,125268,59,6925862
2018-10-08,1971,1931462,555343,125268,59,6925862
2018-10-08,1971,1931462,555343,125268,59,6925862
2018-10-08,1971,1931462,555343,125268,59,6925862
2018-10-08,1971,1931462,555343,125268,59,6925862
2018-10-08,1971,1931462,555343,125268,59,6925862
2018-10-08,1971,1931462,555343,125268,59,6925862
2018-10-08,1971,1931462,555343,125268,59,6925862
2018-10-08,1971,1931462,555343,125268,59,6925862
2018-10-08,1971,1931462,555343,125268,59,6925862
2018-10-08,1971,1931462,555343,125268,59,6925862
2018-10-08,1971,1931462,555343,125268,59,6925862
2018-10-08,1971,1931462,555343,125268,59,6925862
2018-10-08,1971,1931462,555343,125268,59,6925862
2018-10-08,1971,1931462,555343,125268,59,6925862
2018-10-08,1971,1931462,555343,125268,59,6925862
2018-10-08,1971,1931462,555343,125268,59,6925862
2018-10-08,1971,1931462,555343,125268,59,6925862
2018-10-08,1971,1931462,555343,125268,59,6925862
2018-10-08,1971,1931462,555343,125268,59,6925862
2018-10-08,1971,1931462,555343,125268,59,6925862
2018-10-08,1971,1931462,555343,125268,59,6925862
2018-10-08,1971,1931462,555343,125268,59,6925862
2018-10-08,1971,1931462,555343,125268,59,6925862
2018-10-08,1971,1931462,555343,125268,59,6925862
2018-10-08,1971,1931462,555343,125268,59,6925862
2018-10-08,1971,1931462,555343,125268,59,6925862
2018-10-08,1971,1931462,555343,125268,59,6925862
2018-10-08,1971,1931462,555343,125268,59,6925862
2018-10-08,1971,1931462,555343,125268,59,6925862
2018-10-08,1971,1931462,555343,125268,59,6925862
2018-10-08,1971,1931462,555343,125268,59,6925862
2018-10-08,1971,1931462,555343,125268,59,6925862
2018-10-08,1971,1931462,555343,125268,59,6925862
2018-10-08,1971,1931462,555343,125268,59,6925862
2018-10-08,1971,1931462,555343,125268,59,6925862
2018-10-08,1971,1931462,555343,125268,59,6925862
2018-10-08,1971,1931462,555343,125268,59,6925862
2018-10-08,1971,1931462,555343,125268,59,6925862
2018-10-08,1971,1931462,555343,125268,59,6925862
2018-10-08,1971,1931462,555343,125268,59,6925862
2018-10-08,1971,1931462,555343,125268,59,6925862
2018-10-08,1971,1931462,555343,125268,59,6925862
2018-10-08,1971,1931462,555343,125268,59,6925862
2018-10-09,1800,1921633,569962,126961,45,6618874
2018-10-09,1800,1921633,569962,126961,45,6618874
2018-10-09,1800,1921633,569962,126961,45,6618874
2018-10-09,1800,1921633,569962,126961,45,6618874
2018-10-09,1800,1921633,569962,126961,45,6618874
2018-10-09,1800,1921633,569962,126961,45,6618874
2018-10-09,1800,1921633,569962,126961,45,6618874
2018-10-09,1800,1921633,569962,126961,45,6618874
2018-10-09,1800,1921633,569962,126961,45,6618874
2018-10-09,1800,1921633,569962,126961,45,6618874
2018-10-09,1800,1921633,569962,126961,45,6618874
2018-10-09,1800,1921633,569962,126961,45,6618874
2018-10-09,1800,1921633,569962,126961,45,6618874
2018-10-09,1800,1921633,569962,126961,45,6618874
2018-10-09,1800,1921633,569962,126961,45,6618874
2018-10-09,1800,1921633,569962,126961,45,6618874
2018-10-09,1800,1921633,569962,126961,45,6618874
2018-10-09,1800,1921633,569962,126961,45,6618874
2018-10-09,1800,1921633,569962,126961,45,6618874
2018-10-09,1800,1921633,569962,126961,45,6618874
2018-10-09,1800,1921633,569962,126961,45,6618874
2018-10-09,1800,1921633,569962,126961,45,6618874
2018-10-09,1800,1921633,569962,126961,45,6618874
2018-10-09,1800,1921633,569962,126961,45,6618874
2018-10-09,1800,1921633,569962,126961,45,6618874
2018-10-09,1800,1921633,569962,126961,45,6618874
2018-10-09,1800,1921633,569962,126961,45,6618874
2018-10-09,1800,1921633,569962,126961,45,6618874
2018-10-09,1800,1921633,569962,126961,45,6618874
2018-10-09,1800,1921633,569962,126961,45,6618874
2018-10-09,1800,1921633,569962,126961,45,6618874
2018-10-09,1800,1921633,569962,126961,45,6618874
2018-10-09,1800,1921633,569962,126961,45,6618874
2018-10-09,1800,1921633,569962,126961,45,6618874
2018-10-09,1800,1921633,569962,126961,45,6618874
2018-10-09,1800,1921633,569962,126961,45,6618874
2018-10-09,1800,1921633,569962,126961,45,6618874
2018-10-09,1800,1921633,569962,126961,45,6618874
2018-10-09,1800,1921633,569962,126961,45,6618874
2018-10-09,1800,1921633,569962,126961,45,6618874
2018-10-09,1800,1921633,569962,126961,45,6618874
2018-10-09,1800,1921633,569962,126961,45,6618874
2018-10-09,1800,1921633,569962,126961,45,6618874
2018-10-09,1800,1921633,569962,126961,45,6618874
2018-10-09,1800,1921633,569962,126961,45,6618874
2018-10-10,2039,2029139,588512,142742,73,7620247
2018-10-10,2039,2029139,588512,142742,73,7620247
2018-10-10,2039,2029139,588512,142742,73,7620247
2018-10-10,2039,2029139,588512,142742,73,7620247
2018-10-10,2039,2029139,588512,142742,73,7620247
2018-10-10,2039,2029139,588512,142742,73,7620247
2018-10-10,2039,2029139,588512,142742,73,7620247
2018-10-10,2039,2029139,588512,142742,73,7620247
2018-10-10,2039,2029139,588512,142742,73,7620247
2018-10-10,2039,2029139,588512,142742,73,7620247
2018-10-10,2039,2029139,588512,142742,73,7620247
2018-10-10,2039,2029139,588512,142742,73,7620247
2018-10-10,2039,2029139,588512,142742,73,7620247
2018-10-10,2039,2029139,588512,142742,73,7620247
2018-10-10,2039,2029139,588512,142742,73,7620247
2018-10-10,2039,2029139,588512,142742,73,7620247
2018-10-10,2039,2029139,588512,142742,73,7620247
2018-10-10,2039,2029139,588512,142742,73,7620247
2018-10-10,2039,2029139,588512,142742,73,7620247
2018-10-10,2039,2029139,588512,142742,73,7620247
2018-10-10,2039,2029139,588512,142742,73,7620247
2018-10-10,2039,2029139,588512,142742,73,7620247
2018-10-10,2039,2029139,588512,142742,73,7620247
2018-10-10,2039,2029139,588512,142742,73,7620247
2018-10-10,2039,2029139,588512,142742,73,7620247
2018-10-10,2039,2029139,588512,142742,73,7620247
2018-10-10,2039,2029139,588512,142742,73,7620247
2018-10-10,2039,2029139,588512,142742,73,7620247
2018-10-10,2039,2029139,588512,142742,73,7620247
2018-10-10,2039,2029139,588512,142742,73,7620247
2018-10-10,2039,2029139,588512,142742,73,7620247
2018-10-10,2039,2029139,588512,142742,73,7620247
2018-10-10,2039,2029139,588512,142742,73,7620247
2018-10-10,2039,2029139,588512,142742,73,7620247
2018-10-10,2039,2029139,588512,142742,73,7620247
2018-10-10,2039,2029139,588512,142742,73,7620247
2018-10-10,2039,2029139,588512,142742,73,7620247
2018-10-10,2039,2029139,588512,142742,73,7620247
2018-10-10,2039,2029139,588512,142742,73,7620247
2018-10-10,2039,2029139,588512,142742,73,7620247
2018-10-10,2039,2029139,588512,142742,73,7620247
2018-10-10,2039,2029139,588512,142742,73,7620247
2018-10-10,2039,2029139,588512,142742,73,7620247
2018-10-10,2039,2029139,588512,142742,73,7620247
2018-10-10,2039,2029139,588512,142742,73,7620247
2018-10-11,2260,2180130,611996,143357,62,7806434
2018-10-11,2260,2180130,611996,143357,62,7806434
2018-10-11,2260,2180130,611996,143357,62,7806434
2018-10-11,2260,2180130,611996,143357,62,7806434
2018-10-11,2260,2180130,611996,143357,62,7806434
2018-10-11,2260,2180130,611996,143357,62,7806434
2018-10-11,2260,2180130,611996,143357,62,7806434
2018-10-11,2260,2180130,611996,143357,62,7806434
2018-10-11,2260,2180130,611996,143357,62,7806434
2018-10-11,2260,2180130,611996,143357,62,7806434
2018-10-11,2260,2180130,611996,143357,62,7806434
2018-10-11,2260,2180130,611996,143357,62,7806434
2018-10-11,2260,2180130,611996,143357,62,7806434
2018-10-11,2260,2180130,611996,143357,62,7806434
2018-10-11,2260,2180130,611996,143357,62,7806434
2018-10-11,2260,2180130,611996,143357,62,7806434
2018-10-11,2260,2180130,611996,143357,62,7806434
2018-10-11,2260,2180130,611996,143357,62,7806434
2018-10-11,2260,2180130,611996,143357,62,7806434
2018-10-11,2260,2180130,611996,143357,62,7806434
2018-10-11,2260,2180130,611996,143357,62,7806434
2018-10-11,2260,2180130,611996,143357,62,7806434
2018-10-11,2260,2180130,611996,143357,62,7806434
2018-10-11,2260,2180130,611996,143357,62,7806434
2018-10-11,2260,2180130,611996,143357,62,7806434
2018-10-11,2260,2180130,611996,143357,62,7806434
2018-10-11,2260,2180130,611996,143357,62,7806434
2018-10-11,2260,2180130,611996,143357,62,7806434
2018-10-11,2260,2180130,611996,143357,62,7806434
2018-10-11,2260,2180130,611996,143357,62,7806434
2018-10-11,2260,2180130,611996,143357,62,7806434
2018-10-11,2260,2180130,611996,143357,62,7806434
2018-10-11,2260,2180130,611996,143357,62,7806434
2018-10-11,2260,2180130,611996,143357,62,7806434
2018-10-11,2260,2180130,611996,143357,62,7806434
2018-10-11,2260,2180130,611996,143357,62,7806434
2018-10-11,2260,2180130,611996,143357,62,7806434
2018-10-11,2260,2180130,611996,143357,62,7806434
2018-10-11,2260,2180130,611996,143357,62,7806434
2018-10-11,2260,2180130,611996,143357,62,7806434
2018-10-11,2260,2180130,611996,143357,62,7806434
2018-10-11,2260,2180130,611996,143357,62,7806434
2018-10-11,2260,2180130,611996,143357,62,7806434
2018-10-11,2260,2180130,611996,143357,62,7806434
2018-10-11,2260,2180130,611996,143357,62,7806434
2018-10-12,2143,2163699,624873,139706,61,7934949
2018-10-12,2143,2163699,624873,139706,61,7934949
2018-10-12,2143,2163699,624873,139706,61,7934949
2018-10-12,2143,2163699,624873,139706,61,7934949
2018-10-12,2143,2163699,624873,139706,61,7934949
2018-10-12,2143,2163699,624873,139706,61,7934949
2018-10-12,2143,2163699,624873,139706,61,7934949
2018-10-12,2143,2163699,624873,139706,61,7934949
2018-10-12,2143,2163699,624873,139706,61,7934949
2018-10-12,2143,2163699,624873,139706,61,7934949
2018-10-12,2143,2163699,624873,139706,61,7934949
2018-10-12,2143,2163699,624873,139706,61,7934949
2018-10-12,2143,2163699,624873,139706,61,7934949
2018-10-12,2143,2163699,624873,139706,61,7934949
2018-10-12,2143,2163699,624873,139706,61,7934949
2018-10-12,2143,2163699,624873,139706,61,7934949
2018-10-12,2143,2163699,624873,139706,61,7934949
2018-10-12,2143,2163699,624873,139706,61,7934949
2018-10-12,2143,2163699,624873,139706,61,7934949
2018-10-12,2143,2163699,624873,139706,61,7934949
2018-10-12,2143,2163699,624873,139706,61,7934949
2018-10-12,2143,2163699,624873,139706,61,7934949
2018-10-12,2143,2163699,624873,139706,61,7934949
2018-10-12,2143,2163699,624873,139706,61,7934949
2018-10-12,2143,2163699,624873,139706,61,7934949
2018-10-12,2143,2163699,624873,139706,61,7934949
2018-10-12,2143,2163699,624873,139706,61,7934949
2018-10-12,2143,2163699,624873,139706,61,7934949
2018-10-12,2143,2163699,624873,139706,61,7934949
2018-10-12,2143,2163699,624873,139706,61,7934949
2018-10-12,2143,2163699,624873,139706,61,7934949
2018-10-12,2143,2163699,624873,139706,61,7934949
2018-10-12,2143,2163699,624873,139706,61,7934949
2018-10-12,2143,2163699,624873,139706,61,7934949
2018-10-12,2143,2163699,624873,139706,61,7934949
2018-10-12,2143,2163699,624873,139706,61,7934949
2018-10-12,2143,2163699,624873,139706,61,7934949
2018-10-12,2143,2163699,624873,139706,61,7934949
2018-10-12,2143,2163699,624873,139706,61,7934949
2018-10-12,2143,2163699,624873,139706,61,7934949
2018-10-12,2143,2163699,624873,139706,61,7934949
2018-10-12,2143,2163699,624873,139706,61,7934949
2018-10-12,2143,2163699,624873,139706,61,7934949
2018-10-12,2143,2163699,624873,139706,61,7934949
2018-10-12,2143,2163699,624873,139706,61,7934949
2018-10-13,2095,2080414,645250,135629,53,8121651
2018-10-13,2095,2080414,645250,135629,53,8121651
2018-10-13,2095,2080414,645250,135629,53,8121651
2018-10-13,2095,2080414,645250,135629,53,8121651
2018-10-13,2095,2080414,645250,135629,53,8121651
2018-10-13,2095,2080414,645250,135629,53,8121651
2018-10-13,2095,2080414,645250,135629,53,8121651
2018-10-13,2095,2080414,645250,135629,53,8121651
2018-10-13,2095,2080414,645250,135629,53,8121651
2018-10-13,2095,2080414,645250,135629,53,8121651
2018-10-13,2095,2080414,645250,135629,53,8121651
2018-10-13,2095,2080414,645250,135629,53,8121651
2018-10-13,2095,2080414,645250,135629,53,8121651
2018-10-13,2095,2080414,645250,135629,53,8121651
2018-10-13,2095,2080414,645250,135629,53,8121651
2018-10-13,2095,2080414,645250,135629,53,8121651
2018-10-13,2095,2080414,645250,135629,53,8121651
2018-10-13,2095,2080414,645250,135629,53,8121651
2018-10-13,2095,2080414,645250,135629,53,8121651
2018-10-13,2095,2080414,645250,135629,53,8121651
2018-10-13,2095,2080414,645250,135629,53,8121651
2018-10-13,2095,2080414,645250,135629,53,8121651
2018-10-13,2095,2080414,645250,135629,53,8121651
2018-10-13,2095,2080414,645250,135629,53,8121651
2018-10-13,2095,2080414,645250,135629,53,8121651
2018-10-13,2095,2080414,645250,135629,53,8121651
2018-10-13,2095,2080414,645250,135629,53,8121651
2018-10-13,2095,2080414,645250,135629,53,8121651
2018-10-13,2095,2080414,645250,135629,53,8121651
2018-10-13,2095,2080414,645250,135629,53,8121651
2018-10-13,2095,2080414,645250,135629,53,8121651
2018-10-13,2095,2080414,645250,135629,53,8121651
2018-10-13,2095,2080414,645250,135629,53,8121651
2018-10-13,2095,2080414,645250,135629,53,8121651
2018-10-13,2095,2080414,645250,135629,53,8121651
2018-10-13,2095,2080414,645250,135629,53,8121651
2018-10-13,2095,2080414,645250,135629,53,8121651
2018-10-13,2095,2080414,645250,135629,53,8121651
2018-10-13,2095,2080414,645250,135629,53,8121651
2018-10-13,2095,2080414,645250,135629,53,8121651
2018-10-13,2095,2080414,645250,135629,53,8121651
2018-10-13,2095,2080414,645250,135629,53,8121651
2018-10-13,2095,2080414,645250,135629,53,8121651
2018-10-13,2095,2080414,645250,135629,53,8121651
2018-09-19,1806,1779295,545446,120747,50,6363587
2018-09-19,1806,1779295,545446,120747,50,6363587
2018-09-19,1806,1779295,545446,120747,50,6363587
2018-09-19,1806,1779295,545446,120747,50,6363587
2018-09-19,1806,1779295,545446,120747,50,6363587
2018-09-19,1806,1779295,545446,120747,50,6363587
2018-09-19,1806,1779295,545446,120747,50,6363587
2018-09-19,1806,1779295,545446,120747,50,6363587
2018-09-19,1806,1779295,545446,120747,50,6363587
2018-09-19,1806,1779295,545446,120747,50,6363587
2018-09-19,1806,1779295,545446,120747,50,6363587
2018-09-19,1806,1779295,545446,120747,50,6363587
2018-09-19,1806,1779295,545446,120747,50,6363587
2018-09-19,1806,1779295,545446,120747,50,6363587
2018-09-19,1806,1779295,545446,120747,50,6363587
2018-09-19,1806,1779295,545446,120747,50,6363587
2018-10-13,2095,2080414,645250,135629,53,8121651
2018-10-14,2224,2240521,673010,135181,66,8853155
2018-10-14,2224,2240521,673010,135181,66,8853155
2018-10-14,2224,2240521,673010,135181,66,8853155
2018-10-14,2224,2240521,673010,135181,66,8853155
2018-10-14,2224,2240521,673010,135181,66,8853155
2018-10-14,2224,2240521,673010,135181,66,8853155
2018-10-14,2224,2240521,673010,135181,66,8853155
2018-10-14,2224,2240521,673010,135181,66,8853155
2018-10-14,2224,2240521,673010,135181,66,8853155
2018-10-14,2224,2240521,673010,135181,66,8853155
2018-10-14,2224,2240521,673010,135181,66,8853155
2018-10-14,2224,2240521,673010,135181,66,8853155
2018-10-14,2224,2240521,673010,135181,66,8853155
2018-10-14,2224,2240521,673010,135181,66,8853155
2018-10-14,2224,2240521,673010,135181,66,8853155
2018-10-14,2224,2240521,673010,135181,66,8853155
2018-10-14,2224,2240521,673010,135181,66,8853155
2018-10-14,2224,2240521,673010,135181,66,8853155
2018-10-14,2224,2240521,673010,135181,66,8853155
2018-10-14,2224,2240521,673010,135181,66,8853155
2018-10-14,2224,2240521,673010,135181,66,8853155
2018-10-14,2224,2240521,673010,135181,66,8853155
2018-10-14,2224,2240521,673010,135181,66,8853155
2018-10-14,2224,2240521,673010,135181,66,8853155
2018-10-14,2224,2240521,673010,135181,66,8853155
2018-10-14,2224,2240521,673010,135181,66,8853155
2018-10-14,2224,2240521,673010,135181,66,8853155
2018-10-14,2224,2240521,673010,135181,66,8853155
2018-10-14,2224,2240521,673010,135181,66,8853155
2018-10-14,2224,2240521,673010,135181,66,8853155
2018-10-14,2224,2240521,673010,135181,66,8853155
2018-10-14,2224,2240521,673010,135181,66,8853155
2018-10-14,2224,2240521,673010,135181,66,8853155
2018-10-14,2224,2240521,673010,135181,66,8853155
2018-10-14,2224,2240521,673010,135181,66,8853155
2018-10-14,2224,2240521,673010,135181,66,8853155
2018-10-14,2224,2240521,673010,135181,66,8853155
2018-10-14,2224,2240521,673010,135181,66,8853155
2018-10-14,2224,2240521,673010,135181,66,8853155
2018-10-14,2224,2240521,673010,135181,66,8853155
2018-10-14,2224,2240521,673010,135181,66,8853155
2018-10-14,2224,2240521,673010,135181,66,8853155
2018-10-14,2224,2240521,673010,135181,66,8853155
2018-10-14,2224,2240521,673010,135181,66,8853155
2018-10-14,2224,2240521,673010,135181,66,8853155
2018-10-15,2046,2220726,678622,145009,74,8885565
2018-10-15,2046,2220726,678622,145009,74,8885565
2018-10-15,2046,2220726,678622,145009,74,8885565
2018-10-15,2046,2220726,678622,145009,74,8885565
2018-10-15,2046,2220726,678622,145009,74,8885565
2018-10-15,2046,2220726,678622,145009,74,8885565
2018-10-15,2046,2220726,678622,145009,74,8885565
2018-10-15,2046,2220726,678622,145009,74,8885565
2018-10-15,2046,2220726,678622,145009,74,8885565
2018-10-15,2046,2220726,678622,145009,74,8885565
2018-10-15,2046,2220726,678622,145009,74,8885565
2018-10-15,2046,2220726,678622,145009,74,8885565
2018-10-15,2046,2220726,678622,145009,74,8885565
2018-10-15,2046,2220726,678622,145009,74,8885565
2018-10-15,2046,2220726,678622,145009,74,8885565
2018-10-15,2046,2220726,678622,145009,74,8885565
2018-10-15,2046,2220726,678622,145009,74,8885565
2018-10-15,2046,2220726,678622,145009,74,8885565
2018-10-15,2046,2220726,678622,145009,74,8885565
2018-10-15,2046,2220726,678622,145009,74,8885565
2018-10-15,2046,2220726,678622,145009,74,8885565
2018-10-15,2046,2220726,678622,145009,74,8885565
2018-10-15,2046,2220726,678622,145009,74,8885565
2018-10-15,2046,2220726,678622,145009,74,8885565
2018-10-15,2046,2220726,678622,145009,74,8885565
2018-10-15,2046,2220726,678622,145009,74,8885565
2018-10-15,2046,2220726,678622,145009,74,8885565
2018-10-15,2046,2220726,678622,145009,74,8885565
2018-10-15,2046,2220726,678622,145009,74,8885565
2018-10-15,2046,2220726,678622,145009,74,8885565
2018-10-15,2046,2220726,678622,145009,74,8885565
2018-10-15,2046,2220726,678622,145009,74,8885565
2018-10-15,2046,2220726,678622,145009,74,8885565
2018-10-15,2046,2220726,678622,145009,74,8885565
2018-10-15,2046,2220726,678622,145009,74,8885565
2018-10-15,2046,2220726,678622,145009,74,8885565
2018-10-15,2046,2220726,678622,145009,74,8885565
2018-10-15,2046,2220726,678622,145009,74,8885565
2018-10-15,2046,2220726,678622,145009,74,8885565
2018-10-15,2046,2220726,678622,145009,74,8885565
2018-10-15,2046,2220726,678622,145009,74,8885565
2018-10-15,2046,2220726,678622,145009,74,8885565
2018-10-15,2046,2220726,678622,145009,74,8885565
2018-10-15,2046,2220726,678622,145009,74,8885565
2018-10-15,2046,2220726,678622,145009,74,8885565
2018-10-16,2539,2387566,695301,174117,78,10113131
2018-10-16,2539,2387566,695301,174117,78,10113131
2018-10-16,2539,2387566,695301,174117,78,10113131
2018-10-16,2539,2387566,695301,174117,78,10113131
2018-10-16,2539,2387566,695301,174117,78,10113131
2018-10-16,2539,2387566,695301,174117,78,10113131
2018-10-16,2539,2387566,695301,174117,78,10113131
2018-10-16,2539,2387566,695301,174117,78,10113131
2018-10-16,2539,2387566,695301,174117,78,10113131
2018-10-16,2539,2387566,695301,174117,78,10113131
2018-10-16,2539,2387566,695301,174117,78,10113131
2018-10-16,2539,2387566,695301,174117,78,10113131
2018-10-16,2539,2387566,695301,174117,78,10113131
2018-10-16,2539,2387566,695301,174117,78,10113131
2018-10-16,2539,2387566,695301,174117,78,10113131
2018-10-16,2539,2387566,695301,174117,78,10113131
2018-10-16,2539,2387566,695301,174117,78,10113131
2018-10-16,2539,2387566,695301,174117,78,10113131
2018-10-16,2539,2387566,695301,174117,78,10113131
2018-10-16,2539,2387566,695301,174117,78,10113131
2018-10-16,2539,2387566,695301,174117,78,10113131
2018-10-16,2539,2387566,695301,174117,78,10113131
2018-10-16,2539,2387566,695301,174117,78,10113131
2018-10-16,2539,2387566,695301,174117,78,10113131
2018-10-16,2539,2387566,695301,174117,78,10113131
2018-10-16,2539,2387566,695301,174117,78,10113131
2018-10-16,2539,2387566,695301,174117,78,10113131
2018-10-16,2539,2387566,695301,174117,78,10113131
2018-10-16,2539,2387566,695301,174117,78,10113131
2018-10-16,2539,2387566,695301,174117,78,10113131
2018-10-16,2539,2387566,695301,174117,78,10113131
2018-10-16,2539,2387566,695301,174117,78,10113131
2018-10-16,2539,2387566,695301,174117,78,10113131
2018-10-16,2539,2387566,695301,174117,78,10113131
2018-10-16,2539,2387566,695301,174117,78,10113131
2018-10-16,2539,2387566,695301,174117,78,10113131
2018-10-16,2539,2387566,695301,174117,78,10113131
2018-10-16,2539,2387566,695301,174117,78,10113131
2018-10-16,2539,2387566,695301,174117,78,10113131
2018-10-16,2539,2387566,695301,174117,78,10113131
2018-10-16,2539,2387566,695301,174117,78,10113131
2018-10-16,2539,2387566,695301,174117,78,10113131
2018-10-16,2539,2387566,695301,174117,78,10113131
2018-10-16,2539,2387566,695301,174117,78,10113131
2018-10-16,2539,2387566,695301,174117,78,10113131
